TonerBK,TonerC,TonerM,TonerY,Printed_BW,Printed_BCYM,Copied_BW,Copied_BCYM,Status_Report,Time_Stamp
20,70,50,40,20594,22924,6466,3236,Fixiereinh ers. ,2022-01-04 10:16:48.840544
20,70,50,40,20707,22935,6468,3242,Fixiereinh ers. ,2022-01-05 12:40:49.930112
20,70,40,30,20707,22937,6471,3244,Fixiereinh ers. ,2022-01-06 12:29:06.936278
20,70,40,30,20707,22938,6471,3246,Fixiereinh ers. ,2022-01-06 13:00:55.245800
20,70,40,30,20709,22939,6471,3246,Fixiereinh ers. ,2022-01-06 13:34:11.185019
20,70,40,30,20709,22939,6471,3246,Fixiereinh ers. ,2022-01-06 15:04:13.846054
20,70,40,30,20710,22939,6471,3246,Fixiereinh ers. ,2022-01-06 16:04:17.852843
20,70,40,30,20711,22939,6472,3247,Fixiereinh ers. ,2022-01-07 11:33:04.643176
20,70,40,30,20711,22939,6472,3247,Fixiereinh ers. ,2022-01-07 12:50:16.218707
20,70,40,30,20711,22940,6473,3247,Fixiereinh ers. ,2022-01-07 13:12:53.313801
20,70,40,30,20711,22940,6473,3247,Fixiereinh ers. ,2022-01-07 14:57:42.920004
10,70,40,30,20736,23001,6482,3250,Fixiereinh ers. ,2022-01-11 09:53:40.805620
10,70,40,30,20736,23001,6482,3250,Fixiereinh ers. ,2022-01-11 10:12:06.356701
10,70,40,30,20737,23001,6482,3251,Fixiereinh ers. ,2022-01-11 12:07:32.558865
10,70,40,30,20737,23001,6482,3251,Fixiereinh ers. ,2022-01-11 13:41:58.915647
10,70,40,30,20740,23004,6482,3251,Fixiereinh ers. ,2022-01-11 13:46:35.823305
10,70,40,30,20744,23004,6482,3251,Fixiereinh ers. ,2022-01-11 13:51:17.119491
10,70,40,30,20751,23018,6482,3251,Fixiereinh ers. ,2022-01-11 13:56:10.841404
10,60,40,30,20751,23023,6482,3251,Fixiereinh ers. ,2022-01-11 14:00:56.751110
10,60,40,30,20751,23024,6483,3251,Fixiereinh ers. ,2022-01-11 14:05:59.102950
10,60,40,30,20751,23024,6483,3251,Fixiereinh ers. ,2022-01-11 15:32:01.159431
10,60,40,30,20759,23043,6483,3253,Fixiereinh ers. ,2022-01-12 08:23:41.586077
10,60,40,30,20759,23045,6483,3253,Fixiereinh ers. ,2022-01-12 09:01:29.346469
10,60,40,30,20759,23045,6486,3253,Fixiereinh ers. ,2022-01-12 09:36:47.589780
10,60,40,30,20759,23045,6487,3253,Fixiereinh ers. ,2022-01-12 10:12:19.442587
10,60,40,30,20759,23045,6488,3253,Fehler:Druck 0A ,2022-01-12 10:47:59.255970
10,60,40,30,20759,23045,6489,3253,Fixiereinh ers. ,2022-01-12 11:23:39.319436
10,60,40,30,20759,23045,6489,3253,Fixiereinh ers. ,2022-01-12 12:38:47.016120
10,60,40,30,20794,23061,6489,3253,Fixiereinh ers. ,2022-01-12 13:42:21.656748
10,60,40,30,20794,23061,6489,3253,Fixiereinh ers. ,2022-01-12 15:06:25.567841
10,60,40,30,20794,23061,6491,3253,Fixiereinh ers. ,2022-01-12 16:25:19.984896
10,60,40,30,20795,23066,6494,3254,Fixiereinh ers. ,2022-01-13 09:56:46.998083
10,60,40,30,20795,23070,6494,3254,Fixiereinh ers. ,2022-01-13 14:19:08.413137
10,60,40,30,20795,23070,6494,3257,Fixiereinh ers. ,2022-01-14 09:14:42.676786
10,60,40,30,20797,23075,6494,3257,Fixiereinh ers. ,2022-01-14 09:51:31.901609
10,60,40,30,20798,23075,6495,3257,Fixiereinh ers. ,2022-01-14 10:27:05.710174
10,60,40,30,20798,23077,6495,3257,Fixiereinh ers. ,2022-01-14 11:37:56.073471
10,60,40,30,20799,23077,6495,3257,Duplex deaktiv. ,2022-01-14 12:15:22.324548
10,60,40,30,20799,23079,6495,3257,Fixiereinh ers. ,2022-01-14 12:51:11.766070
10,60,40,30,20799,23079,6496,3257,Fixiereinh ers. ,2022-01-14 14:39:15.071210
100,60,30,20,20800,23177,6498,3261,Trom. bestel :BK,2022-01-17 12:21:53.556274
100,60,30,20,20800,23178,6500,3261,Trom. bestel :BK,2022-01-17 12:57:03.263137
100,60,30,20,20800,23178,6500,3261,Trom. bestel :BK,2022-01-17 14:04:08.214250
100,60,30,20,20800,23178,6500,3262,Trom. bestel :BK,2022-01-17 14:39:16.784869
100,60,30,20,20801,23178,6500,3262,Trom. bestel :BK,2022-01-18 09:48:45.689245
100,60,30,20,20846,23178,6500,3262,Trom. bestel :BK,2022-01-18 12:15:07.501180
100,60,30,20,20846,23179,6500,3262,Trom. bestel :BK,2022-01-18 13:56:35.349793
100,60,30,20,20849,23190,6500,3262,Trom. bestel :BK,2022-01-18 14:37:20.367808
90,60,30,20,20865,23232,6500,3262,Bitte warten,2022-01-18 15:12:00.526457
90,50,30,20,20868,23247,6500,3262,Trom. bestel :BK,2022-01-18 15:47:06.434597
90,50,30,20,20882,23257,6500,3262,Trom. bestel :BK,2022-01-18 16:22:05.161814
90,50,30,20,20882,23259,6502,3265,Trom. bestel :BK,2022-01-19 07:47:12.473316
90,50,30,20,20882,23260,6504,3265,Trom. bestel :BK,2022-01-19 09:00:42.379665
90,50,30,20,20908,23267,6506,3265,Trom. bestel :BK,2022-01-20 10:38:20.077512
90,50,30,20,20908,23273,6506,3265,Trom. bestel :BK,2022-01-20 12:24:52.814754
90,50,30,20,20908,23273,6507,3266,Trom. bestel :BK,2022-01-20 14:46:11.827076
90,50,30,20,20908,23275,6507,3266,Trom. bestel :BK,2022-01-20 15:56:29.083081
90,50,30,20,20908,23275,6507,3267,Trom. bestel :BK,2022-01-20 16:31:08.224917
90,50,30,20,20909,23276,6508,3268,Trom. bestel :BK,2022-01-21 08:03:42.554880
90,50,30,20,20909,23278,6508,3268,Trom. bestel :BK,2022-01-21 12:41:56.155635
90,50,30,20,20909,23279,6508,3268,Trom. bestel :BK,2022-01-21 13:16:41.420324
90,50,30,20,20909,23280,6509,3269,Trom. bestel :BK,2022-01-21 15:00:58.407580
90,50,30,20,20909,23280,6511,3278,Trom. bestel :BK,2022-01-24 07:57:04.796343
90,50,30,20,20909,23285,6512,3278,Trom. bestel :BK,2022-01-24 08:31:40.437023
90,50,30,20,20909,23290,6512,3278,Fehler:Druck 0A ,2022-01-24 09:41:13.779472
90,50,30,20,20910,23290,6512,3278,Trom. bestel :BK,2022-01-24 10:15:50.443527
90,50,30,20,20910,23302,6512,3278,Trom. bestel :BK,2022-01-24 11:42:03.543550
90,50,30,20,20912,23304,6512,3278,Trom. bestel :BK,2022-01-24 12:16:52.008963
90,50,30,20,20912,23305,6512,3278,Trom. bestel :BK,2022-01-24 12:51:32.401507
90,50,30,20,20912,23305,6514,3278,Trom. bestel :BK,2022-01-24 13:26:21.910417
90,50,30,20,20912,23305,6515,3278,Trom. bestel :BK,2022-01-24 14:01:04.760765
90,50,30,20,20912,23309,6515,3278,Trom. bestel :BK,2022-01-24 15:10:25.005770
90,50,30,20,20912,23309,6515,3280,Trom. bestel :BK,2022-01-24 16:19:40.696803
90,50,30,20,20912,23309,6522,3280,Trom. bestel :BK,2022-01-25 16:03:40.361102
90,50,30,20,20912,23313,6522,3280,Trom. bestel :BK,2022-01-26 10:36:08.874078
90,50,30,20,20912,23319,6522,3280,Trom. bestel :BK,2022-01-26 11:15:27.561832
80,50,30,20,20951,23319,6522,3280,Trom. bestel :BK,2022-01-26 13:01:40.129159
80,50,30,20,20951,23319,6522,3281,Trom. bestel :BK,2022-01-26 13:37:16.592966
80,50,30,20,20951,23319,6529,3281,Trom. bestel :BK,2022-01-26 15:59:18.251231
80,50,30,20,20951,23319,6529,3281,Bitte warten,2022-01-27 08:17:09.782068
80,50,30,20,20951,23321,6529,3281,Trom. bestel :BK,2022-01-27 14:07:08.416467
80,50,30,20,20951,23323,6529,3281,Trom. bestel :BK,2022-01-27 16:26:55.828143
80,50,20,10,20951,23329,6534,3283,Trom. bestel :BK,2022-01-28 11:38:18.571409
80,50,20,10,20951,23330,6534,3283,Trom. bestel :BK,2022-01-28 12:13:13.957964
80,50,20,10,20951,23340,6534,3283,Trom. bestel :BK,2022-01-28 14:32:10.872385
80,50,20,10,20952,23370,6534,3283,Trom. bestel :BK,2022-01-31 08:52:02.274043
80,50,20,10,20954,23379,6534,3285,Trom. bestel :BK,2022-01-31 13:59:03.514497
80,50,20,10,20957,23379,6534,3285,Trom. bestel :BK,2022-01-31 14:11:06.974560
80,50,20,10,20957,23379,6535,3286,Trom. bestel :BK,2022-01-31 14:24:02.357316
80,50,20,10,20958,23379,6535,3286,Trom. bestel :BK,2022-01-31 14:59:54.243894
80,50,20,10,20958,23380,6535,3286,Trom. bestel :BK,2022-02-01 09:34:29.229954
80,50,20,10,20958,23383,6535,3286,Fehler:Druck 0A ,2022-02-01 10:09:01.556799
80,50,20,10,20958,23385,6535,3286,Trom. bestel :BK,2022-02-01 11:56:45.911408
80,50,20,10,20960,23385,6535,3286,Trom. bestel :BK,2022-02-01 12:31:28.209406
80,50,20,10,20960,23388,6535,3286,Trom. bestel :BK,2022-02-01 15:24:57.302831
80,50,20,10,20968,23398,6535,3286,Trom. bestel :BK,2022-02-01 15:59:36.200201
80,50,20,10,20969,23398,6536,3286,Trom. bestel :BK,2022-02-02 08:25:49.011163
60,50,20,10,21293,23398,6536,3286,Trom. bestel :BK,2022-02-02 09:35:22.238688
60,50,20,10,21293,23398,6537,3286,Trom. bestel :BK,2022-02-02 11:10:35.783582
60,50,20,10,21293,23419,6537,3286,Trom. bestel :BK,2022-02-02 11:45:20.630584
60,50,20,10,21296,23425,6538,3286,Trom. bestel :BK,2022-02-02 12:26:55.614863
60,50,20,10,21297,23425,6550,3286,Trom. bestel :BK,2022-02-02 13:02:57.853555
60,50,20,10,21297,23434,6550,3286,Trom. bestel :BK,2022-02-02 13:37:40.750861
60,50,20,10,21299,23439,6550,3286,Trom. bestel :BK,2022-02-02 16:09:52.680066
50,40,10,0,21310,23525,6556,3310,Trom. bestel :BK,2022-02-07 09:32:16.030993
50,40,10,0,21350,23525,6556,3310,Trom. bestel :BK,2022-02-07 10:09:15.749944
50,40,10,0,21350,23529,6556,3310,Trom. bestel :BK,2022-02-07 16:10:16.439671
50,40,10,0,21351,23550,6558,3310,Trom. bestel :BK,2022-02-08 08:50:46.295855
50,40,10,0,21379,23553,6558,3310,Trom. bestel :BK,2022-02-08 12:55:34.524369
50,40,10,0,21387,23553,6558,3310,Trom. bestel :BK,2022-02-08 15:14:48.960813
50,40,10,0,21387,23555,6558,3310,Trom. bestel :BK,2022-02-08 15:49:29.032218
50,40,10,0,21387,23557,6558,3310,Trom. bestel :BK,2022-02-08 16:24:19.515560
40,40,10,0,21414,23566,6558,3310,Trom. bestel :BK,2022-02-09 09:25:11.525277
40,40,10,0,21414,23574,6558,3310,Trom. bestel :BK,2022-02-09 13:31:14.675593
40,40,10,100,21414,23580,6558,3314,Trom. bestel :BK,2022-02-09 16:25:16.424205
40,40,10,100,21414,23580,6558,3315,Trom. bestel :BK,2022-02-10 13:45:41.694744
40,40,10,100,21415,23580,6558,3315,Trom. bestel :BK,2022-02-10 14:55:26.063442
40,40,10,100,21421,23584,6558,3315,Trom. bestel :BK,2022-02-10 16:05:03.682492
30,30,10,100,21563,23625,6560,3315,Trom. bestel :BK,2022-02-11 12:13:09.372446
30,30,10,100,21564,23635,6580,3315,Trom. bestel :BK,2022-02-11 12:48:28.429304
30,30,10,100,21564,23638,6580,3315,Trom. bestel :BK,2022-02-11 13:23:43.750110
30,30,10,100,21564,23638,6587,3315,Trom. bestel :BK,2022-02-11 13:59:01.393028
30,30,10,100,21571,23638,6587,3317,Trom. bestel :BK,2022-02-11 14:34:22.715179
30,30,10,100,21577,23642,6587,3317,Trom. bestel :BK,2022-02-14 10:05:34.740203
30,30,10,100,21577,23643,6587,3317,Trom. bestel :BK,2022-02-14 11:15:21.684924
30,30,0,100,21577,23644,6587,3322,Trom. bestel :BK,2022-02-14 12:25:18.784393
30,30,0,100,21577,23644,6587,3342,Trom. bestel :BK,2022-02-14 13:00:07.408701
30,30,0,100,21577,23645,6587,3342,Trom. bestel :BK,2022-02-14 15:57:22.281223
30,30,0,100,21577,23645,6587,3343,Trom. bestel :BK,2022-02-15 07:58:29.137294
30,30,0,100,21577,23646,6587,3343,Trom. bestel :BK,2022-02-15 09:25:20.357434
30,30,100,90,21577,23665,6587,3343,Trom. bestel :BK,2022-02-15 10:01:25.057424
30,30,100,90,21577,23667,6587,3343,Trom. bestel :BK,2022-02-15 10:36:37.434665
30,30,100,90,21577,23671,6587,3344,Trom. bestel :BK,2022-02-15 12:56:00.566682
30,30,100,90,21577,23674,6587,3344,Trom. bestel :BK,2022-02-15 13:31:55.645012
30,30,100,90,21577,23680,6587,3346,Trom. bestel :BK,2022-02-15 14:43:17.667486
30,30,100,90,21577,23681,6587,3346,Trom. bestel :BK,2022-02-15 16:27:40.330062
10,20,100,90,21638,23816,6698,3364,Trom. ersetz :BK,2022-02-21 08:55:22.536068
10,20,100,90,21638,23820,6698,3364,Trom. ersetz :BK,2022-02-21 09:29:51.395978
10,20,100,90,21643,23822,6698,3364,Trom. ersetz :BK,2022-02-21 10:38:48.024001
10,20,100,90,21644,23822,6698,3364,Trom. ersetz :BK,2022-02-21 11:13:17.083341
10,20,100,90,21644,23823,6698,3364,Trom. ersetz :BK,2022-02-21 12:57:46.104967
10,20,100,90,21644,23824,6708,3364,Trom. ersetz :BK,2022-02-21 13:32:59.370820
10,20,100,90,21644,23826,6708,3364,Trom. ersetz :BK,2022-02-21 14:08:05.417761
10,20,90,90,21646,23836,6708,3367,Trom. ersetz :BK,2022-02-21 14:44:24.508491
10,20,90,90,21646,23836,6708,3368,Trom. ersetz :BK,2022-02-21 15:19:17.992462
10,20,90,90,21646,23839,6708,3369,Trom. ersetz :BK,2022-02-21 15:53:56.017754
10,20,90,90,21647,23839,6708,3369,Trom. ersetz :BK,2022-02-21 16:28:53.322517
10,20,90,90,21647,23840,6708,3369,Trom. ersetz :BK,2022-02-22 08:30:32.401678
10,20,90,80,21647,23872,6708,3369,Trom. ersetz :BK,2022-02-22 09:40:53.387198
10,20,90,80,21647,23896,6708,3369,Trom. ersetz :BK,2022-02-22 10:16:11.067306
10,20,90,80,21649,23896,6708,3369,Bitte warten,2022-02-22 10:51:16.534824
10,20,90,80,21660,23908,6708,3369,Trom. ersetz :BK,2022-02-22 13:09:43.966130
10,20,90,80,21660,23908,6709,3369,Trom. ersetz :BK,2022-02-22 14:53:30.140518
10,20,90,80,21660,23909,6709,3369,Trom. ersetz :BK,2022-02-22 16:02:54.649395
10,20,90,80,21686,23920,6753,3370,Trom. ersetz :BK,2022-02-23 16:11:04.814045
10,20,90,80,21686,23922,6754,3370,Trom. ersetz :BK,2022-02-24 08:45:37.731849
10,20,90,80,21686,23922,6755,3370,Trom. ersetz :BK,2022-02-24 15:42:50.696447
0,20,90,80,21686,23922,6865,3370,Trom. ersetz :BK,2022-02-24 16:17:29.695399
100,20,90,80,21686,23928,6885,3371,Trom. ersetz :BK,2022-02-25 10:19:07.431492
100,20,90,80,21686,23928,6885,3372,Trom. ersetz :BK,2022-02-25 12:04:20.583494
100,20,90,80,21686,23928,6886,3377,Trom. ersetz :BK,2022-02-25 13:48:14.351715
100,20,90,80,21686,23928,6906,3377,Trom. ersetz :BK,2022-02-25 14:57:35.382952
80,10,80,80,21997,23977,6907,3389,Trom. ersetz :BK,2022-02-28 13:16:45.473963
80,10,80,80,21997,23979,6907,3390,Trom. ersetz :BK,2022-02-28 13:51:11.641748
80,10,80,80,21997,23979,6908,3390,Trom. ersetz :BK,2022-02-28 16:08:53.993347
80,10,80,80,21997,23980,6936,3390,Trom. ersetz :BK,2022-03-02 09:23:00.223979
80,10,80,80,21997,23982,6936,3390,Trom. ersetz :BK,2022-03-02 09:57:42.014127
80,10,80,80,21997,23983,6936,3390,Trom. ersetz :BK,2022-03-02 11:07:16.148412
80,10,80,80,21997,23983,6971,3390,Trom. ersetz :BK,2022-03-02 12:16:41.527456
80,10,80,80,21997,23986,6971,3390,Trom. ersetz :BK,2022-03-02 13:06:55.518536
80,10,80,80,21999,23989,6971,3390,Trom. ersetz :BK,2022-03-02 13:41:42.616619
80,10,80,80,21999,23990,6971,3390,Trom. ersetz :BK,2022-03-02 16:00:51.147417
80,10,80,80,22000,23990,6992,3390,Trom. ersetz :BK,2022-03-03 08:20:04.177435
80,10,80,80,22000,23990,7003,3390,Trom. ersetz :BK,2022-03-03 08:34:58.432901
80,10,80,70,22000,23991,7003,3390,Trom. ersetz :BK,2022-03-03 08:56:56.179253
70,10,80,70,22028,24004,7003,3390,Trom. ersetz :BK,2022-03-03 09:01:25.196467
70,10,80,70,22058,24018,7003,3390,Trom. ersetz :BK,2022-03-03 09:06:04.943928
60,10,80,70,22146,24052,7003,3390,Kein Papier ,2022-03-03 09:25:24.228024
60,10,80,70,22155,24059,7003,3390,Trom. ersetz :BK,2022-03-03 09:31:37.155880
60,10,80,70,22171,24064,7003,3390,Trom. ersetz :BK,2022-03-03 09:47:26.021991
60,10,80,70,22180,24064,7003,3390,Trom. ersetz :BK,2022-03-03 09:53:04.312555
60,10,80,70,22181,24064,7003,3390,Trom. ersetz :BK,2022-03-03 09:58:39.891480
60,10,80,70,22183,24065,7003,3390,Trom. ersetz :BK,2022-03-03 10:03:54.860504
60,10,80,70,22184,24066,7003,3390,Trom. ersetz :BK,2022-03-03 10:21:25.358620
60,10,80,70,22185,24066,7003,3390,Trom. ersetz :BK,2022-03-03 10:37:52.563807
60,10,80,70,22185,24066,7003,3390,Bitte warten,2022-03-03 10:43:19.076034
60,10,80,70,22186,24066,7003,3390,Trom. ersetz :BK,2022-03-03 10:48:34.364488
60,10,80,70,22186,24067,7024,3390,Trom. ersetz :BK,2022-03-03 12:29:51.324493
60,10,80,70,22186,24071,7024,3390,Trom. ersetz :BK,2022-03-03 12:34:20.054882
60,10,80,70,22186,24076,7024,3390,Trom. ersetz :BK,2022-03-03 12:39:02.647694
60,10,80,70,22186,24079,7024,3390,Trom. ersetz :BK,2022-03-03 12:43:39.585584
60,10,80,70,22186,24086,7024,3390,Trom. ersetz :BK,2022-03-03 12:48:10.537945
60,10,80,70,22186,24087,7024,3390,Trom. ersetz :BK,2022-03-03 14:03:35.212673
60,10,80,70,22186,24088,7024,3390,Trom. ersetz :BK,2022-03-03 15:13:48.675944
60,10,80,70,22186,24096,7024,3390,Trom. ersetz :BK,2022-03-03 15:46:32.595317
60,10,80,70,22188,24096,7024,3390,Trom. ersetz :BK,2022-03-03 16:28:45.529550
50,0,80,70,22249,24132,7047,3391,Trom. ersetz :BK,2022-03-04 09:50:59.432700
50,0,80,70,22249,24132,7048,3391,Trom. ersetz :BK,2022-03-04 10:10:42.785177
50,0,80,70,22249,24132,7048,3391,Bitte warten,2022-03-04 10:20:51.367586
50,0,80,70,22259,24132,7048,3391,Trom. ersetz :BK,2022-03-04 10:34:26.523224
50,0,80,70,22260,24132,7048,3391,Trom. ersetz :BK,2022-03-04 11:38:15.504563
50,0,80,70,22260,24132,7050,3391,Trom. ersetz :BK,2022-03-04 11:50:20.927338
50,0,80,70,22260,24132,7071,3391,Trom. ersetz :BK,2022-03-04 12:01:40.362979
50,0,80,70,22260,24132,7071,3395,Trom. ersetz :BK,2022-03-04 12:38:53.632789
50,0,80,70,22260,24132,7092,3395,Trom. ersetz :BK,2022-03-04 13:03:55.188104
50,0,80,70,22260,24132,7092,3395,Bitte warten,2022-03-04 13:08:31.725864
50,0,80,70,22260,24135,7092,3395,Trom. ersetz :BK,2022-03-04 13:46:05.715437
50,0,80,70,22260,24136,7092,3395,Trom. ersetz :BK,2022-03-04 15:05:23.413860
40,0,80,70,22260,24161,7108,3395,Trom. ersetz :BK,2022-03-07 08:22:53.717014
40,0,80,70,22260,24165,7108,3395,Trom. ersetz :BK,2022-03-07 08:27:30.748996
40,0,80,70,22260,24165,7108,3398,Abdeckung offen ,2022-03-07 08:32:22.187187
40,100,70,70,22260,24165,7108,3412,Trom. ersetz :BK,2022-03-07 08:36:56.606579
40,100,70,70,22260,24169,7108,3412,Trom. ersetz :BK,2022-03-07 09:13:38.851494
40,100,70,70,22260,24170,7108,3412,Trom. ersetz :BK,2022-03-07 09:50:50.180405
40,100,70,70,22261,24170,7108,3412,Trom. ersetz :BK,2022-03-07 14:30:11.210558
40,100,70,70,22261,24170,7108,3412,Bitte warten,2022-03-07 14:34:41.355644
40,100,70,70,22261,24173,7108,3414,Trom. ersetz :BK,2022-03-07 14:39:53.124848
40,100,70,60,22261,24173,7108,3417,Trom. ersetz :BK,2022-03-07 16:24:32.390003
40,100,70,60,22261,24173,7120,3418,Trom. ersetz :BK,2022-03-08 16:30:23.779236
40,100,70,60,22267,24173,7120,3422,Trom. ersetz :BK,2022-03-10 13:25:03.347039
40,100,70,60,22267,24184,7120,3422,Trom. ersetz :BK,2022-03-10 16:20:41.520129
30,100,70,60,22323,24309,7122,3426,Trom. ersetz :BK,2022-03-14 12:23:33.436143
30,100,70,60,22325,24309,7122,3426,Trom. ersetz :BK,2022-03-14 12:51:16.024245
30,100,70,60,22325,24309,7123,3426,Trom. ersetz :BK,2022-03-14 13:00:24.484269
30,100,70,60,22325,24309,7124,3426,Trom. ersetz :BK,2022-03-14 13:09:38.576758
30,100,70,60,22325,24310,7124,3426,Trom. ersetz :BK,2022-03-14 16:23:53.533258
30,100,70,60,22330,24316,7125,3428,Trom. ersetz :BK,2022-03-15 12:28:17.634338
30,100,70,60,22330,24319,7125,3428,Trom. ersetz :BK,2022-03-15 12:47:48.391688
30,100,70,60,22330,24319,7125,3431,Trom. ersetz :BK,2022-03-15 14:41:03.145305
30,100,70,60,22333,24319,7125,3431,Trom. ersetz :BK,2022-03-15 14:50:45.645944
30,100,70,60,22333,24319,7125,3431,Bitte warten,2022-03-15 14:56:30.154388
30,100,70,60,22337,24319,7125,3431,Trom. ersetz :BK,2022-03-15 15:02:23.243843
30,100,70,60,22339,24319,7125,3431,Trom. ersetz :BK,2022-03-15 15:26:50.922407
30,100,70,60,22339,24320,7125,3431,Trom. ersetz :BK,2022-03-15 15:40:40.413582
30,100,70,60,22343,24320,7125,3431,Trom. ersetz :BK,2022-03-15 16:22:24.894342
30,100,70,60,22347,24321,7125,3431,Trom. ersetz :BK,2022-03-16 09:54:44.255422
30,100,70,60,22350,24321,7125,3431,Trom. ersetz :BK,2022-03-16 12:59:10.469315
30,100,70,60,22350,24321,7125,3431,Bitte warten,2022-03-16 13:04:11.108230
30,100,70,60,22352,24321,7125,3431,Trom. ersetz :BK,2022-03-16 16:29:23.226598
30,90,70,60,22378,24321,7156,3432,Trom. ersetz :BK,2022-03-17 09:11:50.723050
30,90,70,60,22378,24323,7157,3432,Trom. ersetz :BK,2022-03-17 09:21:49.514074
30,90,70,60,22378,24324,7157,3432,Trom. ersetz :BK,2022-03-17 09:26:45.981005
30,90,70,60,22378,24326,7157,3432,Trom. ersetz :BK,2022-03-17 11:31:56.297609
30,90,70,60,22380,24326,7157,3432,Trom. ersetz :BK,2022-03-17 11:41:54.093147
30,90,70,60,22381,24326,7157,3432,Trom. ersetz :BK,2022-03-17 12:37:02.190641
20,90,70,60,22383,24326,7157,3432,Trom. ersetz :BK,2022-03-17 12:42:00.958901
20,90,70,60,22385,24326,7157,3432,Trom. ersetz :BK,2022-03-17 15:52:02.103805
20,90,70,60,22386,24326,7157,3432,Trom. ersetz :BK,2022-03-17 16:37:22.186585
20,90,70,60,22387,24334,7161,3437,Trom. ersetz :BK,2022-03-18 15:18:43.030802
20,90,70,60,22394,24334,7171,3437,Trom. ersetz :BK,2022-03-21 07:52:25.046573
20,90,60,60,22394,24334,7172,3438,Trom. ersetz :BK,2022-03-21 08:42:19.844194
20,90,60,60,22394,24334,7173,3438,Trom. ersetz :BK,2022-03-21 09:22:23.973144
20,90,60,60,22394,24334,7173,3439,Trom. ersetz :BK,2022-03-21 09:57:18.427983
20,90,60,60,22394,24334,7173,3441,Trom. ersetz :BK,2022-03-21 12:37:25.164958
20,90,60,60,22396,24339,7173,3441,Trom. ersetz :BK,2022-03-21 12:52:20.552863
20,90,60,60,22397,24339,7173,3441,Trom. ersetz :BK,2022-03-21 13:17:22.441424
20,90,60,60,22397,24339,7174,3441,Trom. ersetz :BK,2022-03-21 13:47:22.387367
20,90,60,60,22401,24339,7174,3441,Trom. ersetz :BK,2022-03-21 16:32:17.820531
20,90,60,50,22401,24364,7174,3441,Trom. ersetz :BK,2022-03-22 09:21:43.152725
20,90,60,50,22426,24364,7174,3441,Trom. ersetz :BK,2022-03-22 10:26:44.043058
20,90,60,50,22428,24364,7174,3441,Trom. ersetz :BK,2022-03-22 13:11:46.105296
20,90,60,50,22472,24376,7174,3441,Trom. ersetz :BK,2022-03-22 16:37:46.242295
20,90,60,50,22472,24382,7174,3441,Trom. ersetz :BK,2022-03-23 09:03:27.907466
20,90,60,50,22472,24390,7174,3441,Trom. ersetz :BK,2022-03-23 09:08:31.286640
20,90,60,50,22472,24397,7174,3441,Trom. ersetz :BK,2022-03-23 10:48:28.826411
20,90,60,50,22472,24398,7174,3441,Trom. ersetz :BK,2022-03-23 11:18:30.813718
100,90,60,50,22707,24445,7177,3442,Trom. ersetz :BK,2022-03-24 12:51:39.925406
100,90,60,50,22707,24445,7179,3442,Trom. ersetz :BK,2022-03-24 13:01:41.603830
100,90,60,50,22707,24446,7179,3442,Trom. ersetz :BK,2022-03-24 13:16:39.462829
100,90,60,50,22707,24447,7179,3442,Trom. ersetz :BK,2022-03-24 15:17:26.317065
100,90,60,50,22707,24447,7179,3442,Bitte warten,2022-03-24 15:22:27.468202
100,90,60,50,22707,24447,7180,3443,Trom. ersetz :BK,2022-03-24 16:17:26.522804
100,90,60,50,22708,24448,7180,3443,Trom. ersetz :BK,2022-03-24 16:27:23.585666
100,90,60,50,22712,24449,7180,3443,Trom. ersetz :BK,2022-03-25 10:29:29.299898
100,90,60,50,22719,24449,7180,3443,Trom. ersetz :BK,2022-03-25 10:34:31.482579
100,90,60,50,22724,24449,7182,3443,Trom. ersetz :BK,2022-03-25 10:39:31.330555
100,90,60,50,22724,24449,7182,3444,Trom. ersetz :BK,2022-03-25 11:39:32.020597
100,90,60,50,22724,24449,7183,3444,Trom. ersetz :BK,2022-03-25 11:49:33.326786
100,90,60,50,22725,24449,7184,3444,Trom. ersetz :BK,2022-03-25 13:39:37.509514
100,90,60,50,22725,24449,7189,3444,Trom. ersetz :BK,2022-03-25 14:19:33.563217
100,90,60,50,22727,24451,7189,3444,Trom. ersetz :BK,2022-03-25 14:29:34.017190
100,90,60,50,22732,24453,7189,3444,Trom. ersetz :BK,2022-03-25 14:34:35.417341
100,90,60,50,22741,24456,7189,3444,Trom. ersetz :BK,2022-03-25 14:39:35.345350
100,90,60,50,22744,24460,7189,3444,Trom. ersetz :BK,2022-03-25 14:44:34.814678
100,90,60,50,22746,24464,7189,3444,Trom. ersetz :BK,2022-03-25 14:49:35.848114
100,90,60,50,22746,24464,7189,3444,Keine Zufuhr,2022-03-25 14:54:36.027997
100,90,60,50,22746,24464,7189,3444,Trom. ersetz :BK,2022-03-25 15:04:34.595709
100,90,60,50,22768,24469,7195,3446,Trom. ersetz :BK,2022-03-29 08:30:00.608727
100,90,60,50,22768,24469,7195,3453,Trom. ersetz :BK,2022-03-29 11:40:10.528516
100,90,60,50,22768,24469,7196,3453,Trom. ersetz :BK,2022-03-29 11:45:05.739683
100,90,60,50,22768,24469,7196,3453,Fehler:Druck 0B ,2022-03-29 11:50:08.474907
100,90,60,50,22768,24469,7196,3453,Trom. ersetz :BK,2022-03-29 11:55:08.079710
100,90,60,50,22797,24469,7196,3453,Trom. ersetz :BK,2022-03-29 12:00:06.759264
100,90,60,50,22806,24469,7196,3453,Trom. ersetz :BK,2022-03-29 12:50:44.099231
100,90,60,50,22806,24469,7197,3453,Trom. ersetz :BK,2022-03-29 15:09:36.480945
100,90,60,50,22806,24470,7197,3453,Trom. ersetz :BK,2022-03-29 16:51:57.360729
90,90,60,50,22808,24473,7197,3462,Trom. ersetz :BK,2022-03-30 09:36:27.854468
90,90,60,50,22809,24473,7197,3462,Trom. ersetz :BK,2022-03-31 08:30:20.553555
90,90,60,50,22809,24473,7198,3462,Trom. ersetz :BK,2022-03-31 08:35:19.777789
90,90,60,50,22809,24478,7198,3462,Trom. ersetz :BK,2022-03-31 08:50:19.422214
90,90,60,50,22809,24478,7228,3462,Trom. ersetz :BK,2022-03-31 09:00:21.130776
90,90,60,50,22810,24479,7228,3462,Trom. ersetz :BK,2022-03-31 09:30:23.663989
90,90,60,50,22810,24480,7228,3462,Trom. ersetz :BK,2022-03-31 10:35:28.133259
90,80,60,50,22810,24481,7228,3462,Trom. ersetz :BK,2022-03-31 10:45:36.980662
90,80,60,50,22810,24482,7228,3462,Trom. ersetz :BK,2022-03-31 13:05:32.181855
90,80,60,50,22811,24482,7228,3462,Trom. ersetz :BK,2022-03-31 13:55:34.028719
90,80,60,50,22811,24484,7237,3462,Trom. ersetz :BK,2022-03-31 16:35:44.277170
90,80,50,50,22812,24492,7239,3464,Trom. ersetz :BK,2022-04-01 10:09:01.246249
90,80,50,50,22812,24492,7239,3465,Trom. ersetz :BK,2022-04-01 10:14:00.454398
90,80,50,50,22812,24492,7239,3466,Trom. ersetz :BK,2022-04-01 10:19:04.775732
90,80,50,50,22812,24492,7239,3467,Trom. ersetz :BK,2022-04-01 10:59:09.383929
90,80,50,50,22812,24498,7239,3467,Trom. ersetz :BK,2022-04-01 11:49:05.467475
90,80,50,50,22812,24499,7239,3467,Trom. ersetz :BK,2022-04-01 11:54:09.717674
90,80,50,50,22812,24499,7239,3468,Trom. ersetz :BK,2022-04-01 13:04:11.151331
90,80,50,50,22812,24500,7239,3468,Trom. ersetz :BK,2022-04-01 14:19:20.314766
90,80,50,50,22812,24501,7239,3468,Trom. ersetz :BK,2022-04-01 14:24:25.431469
90,80,50,50,22812,24502,7239,3468,Trom. ersetz :BK,2022-04-01 15:19:24.996842
90,80,50,50,22818,24503,7239,3468,Trom. ersetz :BK,2022-04-04 08:57:24.832408
90,80,50,50,22829,24503,7239,3468,Trom. ersetz :BK,2022-04-04 09:02:36.620896
90,80,50,40,22838,24513,7239,3468,Trom. ersetz :BK,2022-04-04 09:07:25.657812
90,80,50,40,22855,24513,7239,3468,Trom. ersetz :BK,2022-04-04 09:12:24.278435
90,80,50,40,22870,24513,7239,3468,Trom. ersetz :BK,2022-04-04 09:32:25.805988
90,80,50,40,22871,24513,7239,3468,Trom. ersetz :BK,2022-04-04 09:37:26.984550
90,80,50,40,22874,24513,7239,3468,Trom. ersetz :BK,2022-04-04 09:52:34.022648
90,80,50,40,22877,24513,7239,3468,Trom. ersetz :BK,2022-04-04 10:37:24.856711
90,80,50,40,22877,24533,7239,3468,Trom. ersetz :BK,2022-04-04 10:42:26.210696
90,80,50,40,22877,24543,7239,3468,Trom. ersetz :BK,2022-04-04 10:52:28.311683
90,80,50,40,22877,24544,7239,3468,Trom. ersetz :BK,2022-04-04 11:22:28.481759
90,80,50,40,22877,24594,7239,3468,Trom. ersetz :BK,2022-04-04 12:51:22.129284
90,80,50,40,22877,24594,7240,3472,Trom. ersetz :BK,2022-04-04 13:06:59.221467
90,80,50,40,22877,24594,7240,3473,Trom. ersetz :BK,2022-04-04 14:17:10.119633
90,80,50,40,22877,24596,7240,3473,Trom. ersetz :BK,2022-04-04 14:22:12.146530
90,80,50,40,22877,24597,7240,3473,Trom. ersetz :BK,2022-04-04 14:47:15.191062
90,80,50,40,22877,24598,7240,3473,Trom. ersetz :BK,2022-04-04 14:52:12.463367
90,80,50,40,22877,24599,7240,3473,Trom. ersetz :BK,2022-04-04 14:57:14.155383
90,80,50,40,22877,24609,7240,3473,Trom. ersetz :BK,2022-04-04 15:02:15.176367
90,80,50,40,22877,24615,7240,3473,Trom. ersetz :BK,2022-04-04 15:22:29.164659
90,80,50,40,22877,24623,7240,3473,Trom. ersetz :BK,2022-04-04 15:27:26.738367
90,80,50,40,22877,24631,7240,3473,Trom. ersetz :BK,2022-04-04 15:42:28.069757
90,80,50,40,22877,24633,7240,3473,Trom. ersetz :BK,2022-04-04 16:32:24.655537
80,80,50,40,22889,24689,7254,3473,Trom. ersetz :BK,2022-04-05 09:33:59.662829
80,80,50,40,22889,24689,7257,3473,Trom. ersetz :BK,2022-04-05 09:49:06.288135
80,80,50,40,22889,24698,7257,3473,Trom. ersetz :BK,2022-04-05 11:09:00.006400
80,80,50,40,22890,24698,7257,3473,Trom. ersetz :BK,2022-04-05 11:54:00.832874
80,80,50,40,22893,24698,7257,3473,Trom. ersetz :BK,2022-04-05 11:58:58.924332
80,80,50,40,22896,24698,7257,3473,Trom. ersetz :BK,2022-04-05 13:19:02.812291
80,80,50,40,22906,24698,7257,3473,Trom. ersetz :BK,2022-04-05 13:24:01.230638
80,80,50,40,22916,24698,7257,3473,Trom. ersetz :BK,2022-04-05 13:29:01.619675
80,80,50,40,22916,24698,7257,3476,Trom. ersetz :BK,2022-04-05 14:04:15.051534
80,80,50,40,22916,24698,7259,3476,Trom. ersetz :BK,2022-04-05 14:19:02.738719
80,80,50,40,22916,24700,7259,3476,Trom. ersetz :BK,2022-04-05 15:44:05.424638
80,70,40,40,22923,24707,7259,3476,Trom. ersetz :BK,2022-04-05 15:49:09.173895
80,70,40,30,22927,24729,7259,3476,Trom. ersetz :BK,2022-04-05 15:54:20.844209
80,70,40,30,22933,24735,7259,3476,Trom. ersetz :BK,2022-04-05 15:59:17.682297
80,70,40,30,22941,24761,7259,3476,Trom. ersetz :BK,2022-04-05 16:04:16.275966
70,70,40,30,22949,24787,7259,3476,Trom. ersetz :BK,2022-04-05 16:09:19.272728
70,70,40,30,22957,24813,7259,3476,Bitte warten,2022-04-05 16:14:20.947083
70,70,40,30,22967,24835,7259,3476,Trom. ersetz :BK,2022-04-05 16:19:16.560808
70,70,40,30,22977,24851,7259,3476,Trom. ersetz :BK,2022-04-05 16:24:16.717265
70,70,40,30,22985,24877,7259,3476,Trom. ersetz :BK,2022-04-05 16:29:17.616193
70,60,30,20,22993,24903,7259,3476,Trom. ersetz :BK,2022-04-05 16:34:27.975053
60,60,30,20,23002,24930,7259,3476,Bitte warten,2022-04-05 16:39:31.911973
60,60,20,20,23050,25096,7259,3480,Kein Papier ,2022-04-06 10:09:54.847996
50,60,20,10,23050,25118,7259,3480,Trom. ersetz :BK,2022-04-06 11:00:19.724711
50,60,20,10,23051,25118,7259,3480,Trom. ersetz :BK,2022-04-06 16:38:21.377072
50,50,20,100,23051,25122,7261,3512,Trom. ersetz :BK,2022-04-07 08:44:12.586164
50,50,20,100,23051,25146,7261,3512,Trom. ersetz :BK,2022-04-07 08:49:15.931027
50,50,20,100,23051,25164,7261,3523,Trom. ersetz :BK,2022-04-07 08:59:10.859846
50,50,20,100,23051,25164,7261,3524,Abdeckung offen ,2022-04-07 09:29:18.105191
50,50,20,100,23051,25164,7261,3524,Trom. ersetz :BK,2022-04-07 09:34:14.951886
50,50,20,100,23051,25164,7261,3525,Trom. ersetz :BK,2022-04-07 09:39:18.847486
50,50,20,100,23051,25164,7261,3528,Abdeckung offen ,2022-04-07 09:49:20.245433
50,50,20,100,23052,25164,7263,3529,Trom. ersetz :BK,2022-04-07 09:54:20.074671
50,50,20,100,23052,25164,7264,3531,Trom. ersetz :BK,2022-04-07 09:59:17.279602
50,50,20,100,23052,25164,7264,3533,Trom. ersetz :BK,2022-04-07 10:09:15.681362
50,50,20,100,23052,25165,7274,3534,Trom. ersetz :BK,2022-04-07 10:29:11.318751
50,50,20,100,23053,25168,7274,3534,Trom. ersetz :BK,2022-04-07 10:34:15.582261
50,50,20,100,23059,25188,7274,3534,Trom. ersetz :BK,2022-04-07 10:39:13.904575
50,50,20,100,23064,25199,7274,3534,Kein Papier ,2022-04-07 10:44:11.360991
50,50,20,90,23074,25230,7274,3534,Trom. ersetz :BK,2022-04-07 10:49:13.109498
50,50,20,90,23075,25232,7274,3534,Fixiereinh ers. ,2022-04-07 11:04:12.300402
50,50,20,90,23077,25232,7274,3534,Fixiereinh ers. ,2022-04-07 11:19:29.785144
50,50,20,90,23078,25232,7274,3546,Fixiereinh ers. ,2022-04-07 11:30:33.159237
100,20,90,50,23246,25787,7274,3551,Fixiereinh ers. ,2022-04-07 16:20:04.076801
70,100,80,20,23310,26035,7362,3602,Fixiereinh ers. ,2022-04-21 15:17:45.628188
70,100,80,20,23310,26039,7362,3602,Fixiereinh ers. ,2022-04-21 16:32:41.751887
70,100,80,20,23310,26042,7365,3605,Fixiereinh ers. ,2022-04-22 10:21:54.807684
70,100,80,20,23310,26042,7365,3607,Fixiereinh ers. ,2022-04-22 12:57:02.359338
70,100,80,20,23311,26042,7365,3607,Fixiereinh ers. ,2022-04-22 13:36:55.363558
70,100,80,20,23311,26047,7365,3607,Fixiereinh ers. ,2022-04-22 15:37:11.020306
70,100,80,20,23311,26048,7369,3607,Fixiereinh ers. ,2022-04-25 14:18:07.125569
70,100,80,20,23311,26054,7372,3612,Fixiereinh ers. ,2022-04-27 11:55:29.988367
70,100,80,20,23312,26054,7372,3612,Fixiereinh ers. ,2022-04-27 15:13:24.991388
70,100,80,20,23312,26054,7372,3613,Fixiereinh ers. ,2022-04-27 16:29:01.348218
70,100,80,20,23312,26056,7374,3623,Fixiereinh ers. ,2022-04-28 16:31:00.353501
60,100,70,20,23312,26114,7375,3623,Fixiereinh ers. ,2022-04-29 08:36:52.281319
60,100,70,20,23314,26114,7375,3623,Fixiereinh ers. ,2022-04-29 09:05:27.646846
60,100,70,10,23315,26115,7375,3623,Fixiereinh ers. ,2022-04-29 09:10:33.923797
60,100,70,10,23315,26115,7376,3623,Fixiereinh ers. ,2022-04-29 10:50:50.975998
60,100,70,10,23315,26127,7376,3623,Fixiereinh ers. ,2022-04-29 10:55:51.244545
60,100,70,10,23315,26161,7376,3623,Fixiereinh ers. ,2022-04-29 11:00:51.860366
60,100,70,10,23315,26184,7376,3623,Fixiereinh ers. ,2022-04-29 11:20:59.528757
60,100,70,10,23315,26184,7376,3623,Bitte warten,2022-04-29 11:25:59.960882
60,100,70,10,23316,26184,7376,3623,Fixiereinh ers. ,2022-04-29 11:36:03.699968
60,100,70,10,23317,26188,7376,3623,Fixiereinh ers. ,2022-04-29 11:41:09.088773
60,100,70,10,23318,26188,7376,3623,Fixiereinh ers. ,2022-04-29 11:51:09.765983
60,100,70,10,23318,26188,7377,3623,Fixiereinh ers. ,2022-04-29 15:07:00.271499
60,90,70,10,23331,26200,7377,3623,Fixiereinh ers. ,2022-05-02 10:59:23.880528
60,90,70,10,23331,26201,7377,3623,Fixiereinh ers. ,2022-05-02 11:04:19.024892
60,90,70,10,23333,26205,7377,3623,Fixiereinh ers. ,2022-05-02 11:09:24.235073
60,90,70,10,23333,26207,7377,3623,Fixiereinh ers. ,2022-05-02 14:50:54.806265
60,90,70,10,23333,26208,7377,3623,Fixiereinh ers. ,2022-05-02 15:06:00.980498
60,90,70,10,23339,26214,7377,3623,Fixiereinh ers. ,2022-05-02 15:11:03.244285
60,90,70,10,23339,26221,7377,3623,Fixiereinh ers. ,2022-05-02 15:26:05.446406
60,90,70,10,23339,26221,7380,3623,Fixiereinh ers. ,2022-05-02 16:26:29.642702
60,90,70,10,23340,26226,7380,3625,Fixiereinh ers. ,2022-05-03 10:26:03.877987
60,90,70,10,23340,26227,7380,3625,Fixiereinh ers. ,2022-05-03 11:31:32.572467
60,90,70,10,23340,26228,7380,3625,Fixiereinh ers. ,2022-05-03 11:36:34.116674
60,90,70,10,23342,26229,7380,3625,Fixiereinh ers. ,2022-05-03 15:02:53.746787
60,90,70,10,23342,26230,7380,3625,Fixiereinh ers. ,2022-05-03 16:48:35.158614
60,90,70,10,23369,26231,7380,3631,Fixiereinh ers. ,2022-05-04 09:20:33.211771
60,90,70,10,23372,26231,7380,3631,Fixiereinh ers. ,2022-05-04 09:25:33.548837
60,90,70,10,23374,26231,7380,3631,Fixiereinh ers. ,2022-05-04 09:35:33.657889
60,90,70,10,23374,26231,7380,3632,Fixiereinh ers. ,2022-05-04 14:42:39.287797
60,90,70,0,23374,26237,7380,3632,Fixiereinh ers. ,2022-05-04 14:52:00.966467
60,90,70,0,23374,26240,7380,3632,Fixiereinh ers. ,2022-05-04 15:02:13.217624
60,90,70,0,23374,26241,7380,3632,Fixiereinh ers. ,2022-05-04 16:02:32.006378
60,90,70,0,23374,26242,7380,3632,Fixiereinh ers. ,2022-05-04 16:32:52.807589
50,90,60,0,23378,26291,7391,3634,Fixiereinh ers. ,2022-05-05 11:33:28.770196
50,90,60,0,23378,26297,7391,3634,Fixiereinh ers. ,2022-05-05 14:39:48.156491
50,90,60,0,23378,26298,7391,3634,Fixiereinh ers. ,2022-05-05 15:50:15.284632
50,90,60,0,23378,26299,7392,3634,Fixiereinh ers. ,2022-05-05 15:55:15.190779
50,90,60,0,23378,26300,7392,3634,Fixiereinh ers. ,2022-05-05 16:30:31.848993
50,90,60,0,23407,26301,7394,3635,Fixiereinh ers. ,2022-05-06 08:51:41.619720
50,90,60,0,23411,26301,7394,3635,Fixiereinh ers. ,2022-05-06 08:56:42.497112
50,90,60,0,23414,26301,7394,3635,Fixiereinh ers. ,2022-05-06 09:01:44.906096
50,90,60,0,23417,26301,7394,3635,Fixiereinh ers. ,2022-05-06 09:47:01.279217
50,90,60,0,23418,26301,7394,3635,Fixiereinh ers. ,2022-05-06 10:27:14.501433
50,90,60,0,23418,26301,7397,3635,Fixiereinh ers. ,2022-05-06 10:52:26.152411
50,90,60,0,23419,26301,7397,3635,Fixiereinh ers. ,2022-05-06 11:47:44.534837
50,90,60,0,23419,26301,7398,3635,Fixiereinh ers. ,2022-05-06 12:07:51.422053
50,90,60,0,23420,26301,7398,3635,Fixiereinh ers. ,2022-05-06 12:23:00.072901
50,90,60,0,23420,26302,7398,3635,Fixiereinh ers. ,2022-05-06 12:28:14.637605
50,90,60,0,23420,26303,7398,3635,Fixiereinh ers. ,2022-05-06 14:59:13.490089
50,90,60,0,23420,26310,7401,3636,Fixiereinh ers. ,2022-05-10 10:42:20.091097
50,90,60,0,23420,26311,7401,3636,Fixiereinh ers. ,2022-05-10 16:34:24.462548
40,90,60,100,23604,26351,7401,3639,Fixiereinh ers. ,2022-05-11 08:12:24.677104
40,90,60,100,23604,26351,7411,3639,Fixiereinh ers. ,2022-05-11 08:37:33.399213
40,90,60,100,23605,26351,7411,3639,Fixiereinh ers. ,2022-05-11 09:22:49.269832
40,90,60,100,23605,26354,7411,3639,Fixiereinh ers. ,2022-05-11 09:32:53.367365
40,90,60,100,23605,26356,7411,3639,Fixiereinh ers. ,2022-05-11 09:37:53.477471
40,90,60,100,23605,26363,7411,3639,Fixiereinh ers. ,2022-05-11 09:48:01.851253
40,90,60,100,23605,26363,7424,3639,Fixiereinh ers. ,2022-05-11 09:58:05.366732
40,90,60,100,23605,26363,7424,3641,Fixiereinh ers. ,2022-05-11 10:43:22.658718
40,90,60,100,23605,26371,7424,3641,Fixiereinh ers. ,2022-05-11 11:18:38.863706
40,90,60,100,23606,26371,7424,3641,Fixiereinh ers. ,2022-05-11 11:38:46.486139
40,90,60,100,23606,26373,7424,3641,Fixiereinh ers. ,2022-05-11 14:09:55.584948
40,90,60,100,23607,26373,7424,3641,Fixiereinh ers. ,2022-05-11 16:25:52.720946
30,80,60,100,23715,26417,7428,3665,Fixiereinh ers. ,2022-05-17 08:16:56.061000
30,80,60,100,23715,26417,7428,3668,Fixiereinh ers. ,2022-05-17 13:23:49.598275
30,80,60,100,23716,26417,7428,3668,Fixiereinh ers. ,2022-05-17 14:29:19.031678
30,80,60,100,23716,26417,7428,3669,Fixiereinh ers. ,2022-05-17 14:59:26.543140
30,80,60,100,23716,26418,7428,3669,Fixiereinh ers. ,2022-05-18 08:39:07.489295
30,80,50,100,23721,26421,7428,3669,Fixiereinh ers. ,2022-05-18 08:44:07.190793
30,80,50,100,23724,26421,7428,3669,Fixiereinh ers. ,2022-05-18 09:34:34.982655
30,80,50,100,23724,26422,7428,3669,Fixiereinh ers. ,2022-05-18 15:32:05.387156
30,80,50,100,23724,26422,7429,3669,Fixiereinh ers. ,2022-05-18 15:37:06.745027
30,80,50,100,23724,26422,7437,3669,Fixiereinh ers. ,2022-05-18 16:02:15.879060
30,80,50,100,23724,26424,7437,3669,Fixiereinh ers. ,2022-05-18 16:32:51.829365
20,80,50,90,23741,26513,7437,3715,Fixiereinh ers. ,2022-05-19 11:58:35.459735
10,80,50,90,23802,26538,7443,3728,Fixiereinh ers. ,2022-05-25 12:01:33.404243
10,80,50,90,23803,26539,7443,3728,Fixiereinh ers. ,2022-05-25 14:54:21.933463
10,80,50,90,23803,26539,7443,3729,Fixiereinh ers. ,2022-05-25 15:09:35.951111
10,80,50,90,23803,26539,7443,3730,Fixiereinh ers. ,2022-05-25 15:14:32.098472
10,80,50,90,23803,26539,7443,3739,Fixiereinh ers. ,2022-05-25 15:19:37.181469
10,80,50,90,23803,26539,7443,3744,Fixiereinh ers. ,2022-05-25 15:39:40.334683
10,80,50,90,23803,26539,7445,3744,Fixiereinh ers. ,2022-05-25 15:54:54.671306
10,80,50,90,23803,26539,7445,3746,Fixiereinh ers. ,2022-05-25 15:59:58.572881
10,80,50,90,23803,26539,7445,3747,Fixiereinh ers. ,2022-05-25 16:35:15.687616
10,80,50,90,23804,26539,7447,3747,Fixiereinh ers. ,2022-05-27 11:00:59.473167
10,80,50,90,23804,26539,7448,3747,Fixiereinh ers. ,2022-05-27 12:06:29.085639
10,80,50,90,23805,26539,7448,3747,Fixiereinh ers. ,2022-05-27 13:52:14.421235
10,70,50,90,23805,26539,7448,3759,Fixiereinh ers. ,2022-05-27 15:27:54.368682
10,70,50,90,23805,26539,7449,3760,Fixiereinh ers. ,2022-05-30 11:03:54.980244
10,70,50,90,23805,26539,7450,3761,Fixiereinh ers. ,2022-05-30 14:55:42.612755
10,70,50,90,23806,26539,7450,3761,Fixiereinh ers. ,2022-05-30 16:31:21.740904
10,70,50,90,23806,26539,7463,3763,Fixiereinh ers. ,2022-05-31 11:10:06.936263
10,70,50,90,23806,26539,7463,3763,Bitte warten,2022-05-31 11:15:08.727783
10,70,50,90,23806,26546,7463,3763,Fixiereinh ers. ,2022-05-31 12:40:40.612690
10,70,50,90,23810,26546,7463,3763,Fixiereinh ers. ,2022-05-31 16:37:25.207043
10,70,50,90,23811,26546,7463,3763,Fixiereinh ers. ,2022-06-01 08:59:30.084025
10,70,50,90,23811,26547,7463,3763,Fixiereinh ers. ,2022-06-01 13:07:40.385931
10,70,50,90,23812,26547,7463,3763,Fixiereinh ers. ,2022-06-01 13:12:35.669146
10,70,50,90,23813,26547,7463,3763,Fixiereinh ers. ,2022-06-01 13:17:36.620223
10,70,50,90,23814,26547,7463,3763,Fixiereinh ers. ,2022-06-01 13:47:47.006000
10,70,50,90,23815,26547,7463,3763,Fixiereinh ers. ,2022-06-01 13:52:52.917886
10,70,50,90,23817,26547,7463,3763,Fixiereinh ers. ,2022-06-01 15:11:03.764170
10,70,50,90,23817,26547,7463,3766,Fixiereinh ers. ,2022-06-01 16:31:54.044646
10,70,50,90,23822,26547,7463,3766,Fixiereinh ers. ,2022-06-02 09:42:32.907677
10,70,50,90,23860,26547,7463,3766,Kein Papier ,2022-06-02 09:47:35.114189
0,70,50,90,23892,26547,7463,3766,Toner ersetzen (BK) ,2022-06-02 09:52:36.868121
100,70,50,90,23898,26547,7463,3766,Fixiereinh ers. ,2022-06-02 09:57:36.946685
100,70,50,90,23934,26547,7463,3766,Fixiereinh ers. ,2022-06-02 10:02:38.925474
100,70,50,90,23972,26547,7463,3766,Bitte warten,2022-06-02 10:07:41.494261
100,70,50,90,23980,26547,7463,3766,Fixiereinh ers. ,2022-06-02 12:59:05.991545
100,70,50,90,23982,26548,7463,3766,Fixiereinh ers. ,2022-06-02 13:29:21.436917
100,70,50,90,23982,26548,7463,3768,Fixiereinh ers. ,2022-06-02 16:35:57.770483
100,70,50,90,23982,26548,7464,3769,Fixiereinh ers. ,2022-06-03 08:39:17.151129
100,70,50,90,23982,26548,7464,3771,Fixiereinh ers. ,2022-06-03 08:49:23.241650
100,70,50,90,23982,26549,7464,3771,Fixiereinh ers. ,2022-06-03 08:54:30.568621
100,70,50,90,23982,26550,7464,3771,Fixiereinh ers. ,2022-06-03 08:59:35.818204
100,70,50,90,23982,26551,7464,3771,Fixiereinh ers. ,2022-06-03 09:04:33.107449
100,70,50,90,23983,26552,7464,3771,Fixiereinh ers. ,2022-06-03 09:29:49.145900
100,70,50,90,23984,26552,7464,3771,Fixiereinh ers. ,2022-06-03 10:10:02.987701
80,70,40,80,24187,26640,7494,3777,Fixiereinh ers. ,2022-06-10 09:05:52.349638
80,70,40,80,24195,26656,7494,3777,Kein Papier ,2022-06-10 09:26:03.728920
80,70,40,80,24203,26656,7495,3777,Fixiereinh ers. ,2022-06-10 09:41:10.023717
80,70,40,80,24205,26656,7495,3777,Fixiereinh ers. ,2022-06-10 09:51:14.518260
80,70,40,80,24220,26656,7495,3779,Fixiereinh ers. ,2022-06-13 10:06:42.747667
80,70,40,80,24221,26656,7495,3779,Fixiereinh ers. ,2022-06-13 10:11:46.641852
80,70,40,80,24223,26656,7495,3779,Fixiereinh ers. ,2022-06-13 14:59:58.646056
80,70,40,80,24224,26656,7495,3779,Fixiereinh ers. ,2022-06-13 16:31:33.480173
80,70,40,80,24224,26731,7495,3779,Fixiereinh ers. ,2022-06-14 10:03:05.889232
80,70,40,80,24225,26731,7495,3779,Fixiereinh ers. ,2022-06-14 11:24:25.423544
80,70,40,80,24225,26731,7495,3781,Fixiereinh ers. ,2022-06-14 13:55:47.646607
80,70,40,80,24227,26731,7495,3781,Fixiereinh ers. ,2022-06-14 14:00:50.603104
80,70,40,80,24232,26731,7495,3781,Fixiereinh ers. ,2022-06-14 14:05:54.533148
80,70,40,80,24234,26731,7495,3781,Fixiereinh ers. ,2022-06-14 15:36:39.440698
80,70,40,80,24234,26732,7495,3781,Fixiereinh ers. ,2022-06-14 16:37:11.306307
80,70,40,80,24235,26732,7496,3785,Fixiereinh ers. ,2022-06-15 08:41:54.262538
80,70,40,80,24235,26733,7496,3785,Fixiereinh ers. ,2022-06-15 08:51:55.081334
80,70,40,80,24245,26734,7496,3785,Fixiereinh ers. ,2022-06-15 08:56:59.956835
80,60,40,80,24246,26737,7496,3785,Fixiereinh ers. ,2022-06-15 09:02:05.012469
80,60,40,80,24253,26737,7496,3785,Fixiereinh ers. ,2022-06-15 10:32:55.632264
80,60,40,80,24254,26737,7496,3785,Fixiereinh ers. ,2022-06-15 10:37:58.152801
80,60,40,80,24254,26743,7496,3785,Fixiereinh ers. ,2022-06-15 11:18:23.518431
80,60,40,80,24254,26743,7496,3785,Bitte warten,2022-06-15 11:23:25.156810
80,60,40,80,24255,26743,7496,3785,Fixiereinh ers. ,2022-06-15 11:28:27.892074
80,60,40,80,24256,26743,7496,3785,Fixiereinh ers. ,2022-06-15 11:33:29.829020
80,60,40,80,24257,26743,7496,3785,Fixiereinh ers. ,2022-06-15 14:05:02.010101
80,60,40,80,24260,26743,7496,3785,Fixiereinh ers. ,2022-06-15 16:26:29.178245
80,60,40,80,24260,26747,7500,3786,Fixiereinh ers. ,2022-06-17 15:06:47.964394
80,60,40,80,24260,26747,7501,3786,Fixiereinh ers. ,2022-06-20 10:31:36.970099
80,60,40,80,24260,26747,7501,3786,Bitte warten,2022-06-20 10:36:41.997385
80,60,40,80,24260,26750,7501,3786,Fixiereinh ers. ,2022-06-20 11:17:05.485094
80,60,40,80,24260,26751,7501,3786,Fixiereinh ers. ,2022-06-20 11:32:13.447761
80,60,40,80,24260,26752,7501,3786,Fixiereinh ers. ,2022-06-20 11:37:17.623972
80,60,40,80,24260,26753,7501,3786,Fixiereinh ers. ,2022-06-20 12:53:03.940125
80,60,40,80,24260,26753,7506,3786,Fixiereinh ers. ,2022-06-20 12:58:07.532006
80,60,40,80,24260,26753,7507,3786,Fixiereinh ers. ,2022-06-20 13:53:41.957614
80,60,40,80,24261,26753,7507,3786,Fixiereinh ers. ,2022-06-20 16:35:38.314793
70,60,30,80,24261,26812,7508,3791,Fixiereinh ers. ,2022-06-21 08:28:27.580016
70,60,30,80,24261,26812,7512,3791,Fixiereinh ers. ,2022-06-21 08:38:30.722497
70,60,30,80,24261,26812,7513,3791,Fixiereinh ers. ,2022-06-21 08:53:43.768936
70,60,30,80,24261,26812,7514,3791,Fixiereinh ers. ,2022-06-21 09:29:08.791721
70,60,30,80,24261,26814,7514,3791,Fixiereinh ers. ,2022-06-21 10:04:34.518963
70,60,30,80,24261,26815,7514,3791,Fixiereinh ers. ,2022-06-21 11:00:14.021040
70,60,30,80,24261,26815,7515,3791,Fixiereinh ers. ,2022-06-21 11:10:26.173043
70,60,30,80,24261,26816,7515,3791,Fixiereinh ers. ,2022-06-21 11:45:45.867944
70,60,30,70,24261,26818,7515,3791,Fixiereinh ers. ,2022-06-21 12:41:21.714803
70,60,30,70,24261,26820,7515,3791,Fixiereinh ers. ,2022-06-21 14:12:35.030147
70,60,30,70,24261,26820,7516,3791,Fixiereinh ers. ,2022-06-22 08:05:04.096755
70,60,30,70,24261,26820,7517,3791,Fixiereinh ers. ,2022-06-22 09:30:57.928973
70,60,30,70,24261,26820,7517,3791,Bitte warten,2022-06-22 09:35:57.634955
70,60,30,70,24262,26820,7517,3791,Fixiereinh ers. ,2022-06-22 09:56:11.984629
70,60,30,70,24262,26820,7519,3791,Fixiereinh ers. ,2022-06-22 10:56:45.315592
70,60,30,70,24262,26820,7519,3791,Bitte warten,2022-06-22 11:01:48.715171
70,60,30,70,24262,26820,7519,3793,Fixiereinh ers. ,2022-06-22 11:32:06.042326
70,60,30,70,24262,26822,7519,3793,Fixiereinh ers. ,2022-06-22 13:28:21.445711
70,60,30,70,24262,26831,7519,3793,Fixiereinh ers. ,2022-06-22 14:03:44.083805
70,60,30,70,24263,26831,7519,3793,Fixiereinh ers. ,2022-06-22 16:31:23.314675
70,60,30,70,24263,26907,7521,3793,Fixiereinh ers. ,2022-06-23 09:52:46.210612
70,60,30,70,24263,26908,7521,3793,Fixiereinh ers. ,2022-06-23 09:57:51.887978
70,60,30,70,24263,26909,7521,3793,Fixiereinh ers. ,2022-06-23 11:08:41.216833
70,60,30,70,24263,26909,7539,3793,Fixiereinh ers. ,2022-06-23 11:13:43.778343
60,60,30,70,24263,26909,7560,3793,Fixiereinh ers. ,2022-06-23 14:41:03.211406
60,60,30,70,24263,26910,7560,3793,Fixiereinh ers. ,2022-06-23 16:27:36.269709
60,60,30,70,24263,26937,7562,3796,Bitte warten,2022-06-24 08:20:17.950124
60,60,30,70,24263,26939,7562,3796,Fixiereinh ers. ,2022-06-24 08:30:23.807768
60,60,30,70,24263,26939,7563,3796,Fixiereinh ers. ,2022-06-24 08:40:35.267922
60,60,30,70,24263,26939,7564,3796,Fixiereinh ers. ,2022-06-24 10:57:09.473794
60,60,30,70,24265,26939,7564,3796,Fixiereinh ers. ,2022-06-24 11:22:24.870597
60,60,30,70,24265,26940,7564,3796,Fixiereinh ers. ,2022-06-24 11:47:40.728848
60,60,30,70,24265,26940,7565,3796,Fixiereinh ers. ,2022-06-24 11:52:43.703833
60,60,30,70,24265,26941,7565,3796,Fixiereinh ers. ,2022-06-24 14:54:52.960416
60,50,20,70,24266,27013,7642,3807,Fixiereinh ers. ,2022-06-30 16:32:43.326191
60,50,20,60,24269,27042,7648,3813,Fixiereinh ers. ,2022-07-04 11:15:08.419435
60,50,20,60,24271,27042,7648,3813,Fixiereinh ers. ,2022-07-04 11:30:20.990466
60,50,20,60,24272,27042,7648,3813,Fixiereinh ers. ,2022-07-04 11:35:33.773316
50,50,20,60,24308,27042,7648,3813,Fixiereinh ers. ,2022-07-04 11:40:28.017698
30,50,20,60,24346,27042,7648,3813,Fixiereinh ers. ,2022-07-04 11:45:29.736058
20,50,20,60,24380,27042,7648,3813,Fixiereinh ers. ,2022-07-04 11:50:34.952654
20,50,20,60,24399,27042,7648,3813,Fixiereinh ers. ,2022-07-04 16:29:06.519501
20,50,20,60,24411,27066,7653,3813,Fixiereinh ers. ,2022-07-05 15:19:50.785150
20,50,20,60,24411,27066,7654,3813,Fixiereinh ers. ,2022-07-05 16:30:54.937726
20,50,20,60,24415,27077,7674,3817,Fixiereinh ers. ,2022-07-07 08:27:02.478050
20,50,20,60,24415,27077,7674,3818,Fixiereinh ers. ,2022-07-07 08:37:04.718189
20,50,20,60,24415,27077,7674,3820,Abdeckung offen ,2022-07-07 09:47:51.190493
20,50,20,60,24415,27077,7674,3820,Fixiereinh ers. ,2022-07-07 10:53:24.889909
20,50,20,60,24415,27078,7674,3820,Fixiereinh ers. ,2022-07-07 13:35:23.177796
20,50,20,60,24415,27079,7674,3820,Fixiereinh ers. ,2022-07-07 14:10:44.392966
20,50,20,60,24415,27088,7674,3820,Fixiereinh ers. ,2022-07-07 14:15:49.321676
10,50,20,60,24415,27115,7674,3820,Fixiereinh ers. ,2022-07-07 16:27:24.056918
10,50,20,60,24416,27126,7676,3840,Fixiereinh ers. ,2022-07-08 13:42:14.828320
10,50,20,60,24416,27133,7676,3840,Fixiereinh ers. ,2022-07-08 15:08:13.930048
10,50,20,60,24424,27133,7676,3840,Fixiereinh ers. ,2022-07-11 09:55:08.138277
10,50,20,60,24424,27135,7676,3840,Fixiereinh ers. ,2022-07-11 10:05:13.104195
10,50,20,60,24424,27136,7676,3840,Fixiereinh ers. ,2022-07-11 10:25:34.639370
10,50,20,60,24424,27136,7676,3841,Fixiereinh ers. ,2022-07-11 10:30:36.959864
10,50,20,60,24425,27136,7676,3841,Fixiereinh ers. ,2022-07-11 10:35:36.410448
10,50,20,60,24425,27136,7676,3841,Bitte warten,2022-07-11 10:40:40.027628
10,50,20,60,24425,27137,7676,3841,Fixiereinh ers. ,2022-07-11 10:45:43.027411
10,50,20,60,24425,27137,7676,3842,Fixiereinh ers. ,2022-07-11 11:10:59.250422
10,50,20,60,24425,27137,7678,3842,Fixiereinh ers. ,2022-07-11 11:16:00.232414
10,50,20,60,24425,27137,7680,3842,Fixiereinh ers. ,2022-07-11 11:41:19.282766
10,50,20,60,24426,27138,7680,3842,Fixiereinh ers. ,2022-07-11 12:47:02.286535
10,50,20,60,24426,27138,7680,3842,Bitte warten,2022-07-11 12:52:05.086594
10,50,20,60,24426,27138,7682,3842,Fixiereinh ers. ,2022-07-11 16:34:48.327904
10,40,20,60,24426,27160,7683,3842,Fixiereinh ers. ,2022-07-12 08:48:17.190737
10,40,10,60,24426,27161,7683,3842,Fixiereinh ers. ,2022-07-12 10:04:09.999308
10,40,10,60,24426,27169,7683,3842,Fixiereinh ers. ,2022-07-12 10:08:54.898138
10,40,10,60,24426,27170,7683,3842,Fixiereinh ers. ,2022-07-12 12:50:29.094158
10,40,10,60,24435,27170,7683,3844,Fixiereinh ers. ,2022-07-12 13:20:46.238381
10,40,10,60,24435,27172,7683,3844,Fixiereinh ers. ,2022-07-12 13:25:56.049488
10,40,10,60,24435,27188,7683,3844,Fixiereinh ers. ,2022-07-12 16:37:55.053953
10,40,10,60,24436,27188,7683,3849,Fixiereinh ers. ,2022-07-13 16:23:53.796792
10,40,10,50,24439,27206,7684,3850,Fixiereinh ers. ,2022-07-14 16:32:37.294705
100,40,100,50,24461,27301,7699,3881,Fixiereinh ers. ,2022-07-20 08:50:21.342130
100,40,100,50,24476,27301,7699,3881,Fixiereinh ers. ,2022-07-20 09:06:07.702420
100,40,100,50,24476,27302,7699,3881,Fixiereinh ers. ,2022-07-20 16:00:50.578639
90,30,100,40,24575,27386,7699,3881,Fixiereinh ers. ,2022-07-21 11:51:08.254987
90,30,100,40,24575,27386,7699,3884,Fixiereinh ers. ,2022-07-21 16:48:46.603552
90,30,100,40,24577,27386,7703,3885,Fixiereinh ers. ,2022-07-22 10:20:34.652900
90,30,100,40,24578,27386,7703,3885,Fixiereinh ers. ,2022-07-22 11:16:05.312973
90,30,100,40,24578,27386,7703,3903,Fixiereinh ers. ,2022-07-22 11:21:10.940473
90,30,100,40,24578,27386,7703,3911,Fixiereinh ers. ,2022-07-22 11:31:20.558228
90,30,100,40,24578,27386,7703,3912,Fixiereinh ers. ,2022-07-22 11:41:31.739537
90,30,100,40,24579,27386,7703,3912,Fixiereinh ers. ,2022-07-22 11:46:34.275355
90,30,100,40,24579,27387,7703,3912,Fixiereinh ers. ,2022-07-22 12:01:48.906824
90,30,100,40,24579,27388,7703,3912,Fixiereinh ers. ,2022-07-22 14:49:14.694409
80,0,70,20,26499,27889,7783,3940,Fixiereinh ers. ,2022-08-01 12:07:51.585408
80,0,70,20,26499,27890,7783,3940,Fixiereinh ers. ,2022-08-01 12:12:59.730522
80,0,70,20,26499,27891,7783,3940,Fixiereinh ers. ,2022-08-01 12:33:19.151003
80,0,70,20,26499,27893,7783,3940,Fixiereinh ers. ,2022-08-01 12:38:19.587916
80,0,70,20,26501,27893,7783,3940,Fixiereinh ers. ,2022-08-01 13:38:41.839310
80,0,70,20,26501,27893,7801,3940,Fixiereinh ers. ,2022-08-01 13:43:49.949912
80,0,70,20,26501,27893,7851,3940,Fixiereinh ers. ,2022-08-01 13:48:52.392477
80,0,70,20,26501,27893,7851,3945,Fixiereinh ers. ,2022-08-01 14:04:02.301544
80,0,70,20,26501,27893,7851,3945,Kein Papier ,2022-08-01 14:09:13.618705
80,0,70,20,26501,27893,7852,3945,Fixiereinh ers. ,2022-08-01 14:14:06.217212
80,0,70,20,26502,27893,7852,3945,Fixiereinh ers. ,2022-08-01 14:54:33.450969
80,0,70,20,26503,27896,7852,3945,Fixiereinh ers. ,2022-08-01 14:59:34.574805
80,0,70,20,26504,27898,7852,3945,Fixiereinh ers. ,2022-08-01 16:41:01.619709
60,100,70,10,26623,28044,7880,3952,Fixiereinh ers. ,2022-08-05 09:39:25.856914
60,100,70,0,26623,28076,7880,3952,Fixiereinh ers. ,2022-08-05 11:10:32.821238
60,100,70,0,26623,28076,7882,3953,Fixiereinh ers. ,2022-08-05 14:58:04.491445
50,100,60,0,26678,28078,7890,3953,Fixiereinh ers. ,2022-08-08 12:46:55.480859
50,100,60,0,26678,28084,7890,3953,Fixiereinh ers. ,2022-08-08 12:52:01.704178
50,100,60,0,26678,28087,7890,3953,Fixiereinh ers. ,2022-08-08 15:08:30.028296
50,100,60,0,26678,28087,7891,3953,Fixiereinh ers. ,2022-08-08 16:24:29.630007
50,100,60,0,26680,28094,7891,3955,Fixiereinh ers. ,2022-08-09 09:22:10.553560
50,100,60,0,26680,28095,7891,3955,Fixiereinh ers. ,2022-08-09 16:32:16.730642
50,90,60,0,26680,28098,7891,3955,Fixiereinh ers. ,2022-08-10 11:01:01.727349
50,90,60,0,26680,28098,7892,3956,Fixiereinh ers. ,2022-08-10 12:52:20.052860
50,90,60,0,26692,28098,7892,3956,Fixiereinh ers. ,2022-08-10 13:53:07.518340
50,90,60,0,26693,28102,7892,3956,Fixiereinh ers. ,2022-08-10 13:58:07.623338
50,90,60,0,26693,28104,7892,3956,Fixiereinh ers. ,2022-08-10 14:03:14.137727
50,90,60,0,26694,28110,7892,3956,Fixiereinh ers. ,2022-08-10 16:53:58.805477
50,90,60,100,26694,28146,7892,3964,Fixiereinh ers. ,2022-08-11 08:19:20.965131
50,90,60,100,26705,28181,7897,3964,Fixiereinh ers. ,2022-08-12 11:02:42.882034
50,90,60,100,26705,28181,7897,3964,Bitte warten,2022-08-12 11:07:37.094862
50,90,60,100,26705,28181,7897,3965,Fixiereinh ers. ,2022-08-12 15:00:13.840891
40,90,60,100,26729,28252,7913,3982,Fixiereinh ers. ,2022-08-18 09:54:32.984477
40,90,60,100,26730,28252,7913,3982,Fixiereinh ers. ,2022-08-18 11:30:41.175564
40,90,60,100,26730,28254,7913,3982,Fixiereinh ers. ,2022-08-18 11:35:44.749361
40,90,60,100,26730,28255,7913,3982,Fixiereinh ers. ,2022-08-18 13:37:08.360077
40,90,60,100,26730,28257,7913,3982,Fixiereinh ers. ,2022-08-18 14:55:43.225712
40,90,60,100,26730,28261,7913,3982,Fixiereinh ers. ,2022-08-18 15:00:45.077436
40,90,60,100,26730,28273,7913,3982,Fixiereinh ers. ,2022-08-18 15:31:13.762321
40,90,50,100,26734,28274,7913,3982,Fixiereinh ers. ,2022-08-18 15:41:17.942788
40,90,50,100,26734,28275,7913,3982,Fixiereinh ers. ,2022-08-18 16:16:39.281498
40,90,50,100,26734,28275,7913,3983,Fixiereinh ers. ,2022-08-18 16:42:20.179212
10,80,50,90,27063,28368,7936,3991,Fixiereinh ers. ,2022-08-24 07:33:53.125608
10,80,50,90,27063,28368,7937,3991,Fixiereinh ers. ,2022-08-24 07:38:51.985140
10,80,50,90,27063,28368,7937,3992,Fixiereinh ers. ,2022-08-24 08:49:29.468549
0,80,50,90,27063,28368,7961,3992,Fixiereinh ers. ,2022-08-24 09:29:54.180505
0,80,50,90,27063,28369,7961,3992,Fixiereinh ers. ,2022-08-24 09:34:58.875313
0,80,50,90,27063,28371,7961,3992,Fixiereinh ers. ,2022-08-24 11:36:28.009405
0,80,50,90,27063,28371,7973,3992,Abdeckung offen ,2022-08-24 11:41:31.753675
100,80,50,90,27063,28371,7973,3992,Fixiereinh ers. ,2022-08-24 15:49:21.037310
100,80,50,90,27063,28383,7973,3992,Fixiereinh ers. ,2022-08-24 16:35:09.557215
100,80,50,90,27063,28385,7973,3993,Fixiereinh ers. ,2022-08-25 10:07:18.702292
100,80,50,90,27075,28385,7973,3993,Fixiereinh ers. ,2022-08-25 12:44:11.665999
100,80,50,90,27075,28387,7973,3993,Fixiereinh ers. ,2022-08-25 15:46:26.365389
100,80,50,90,27075,28387,7973,3994,Fixiereinh ers. ,2022-08-26 07:56:13.866616
100,80,50,90,27076,28387,7973,3994,Fixiereinh ers. ,2022-08-26 09:27:18.376767
100,80,50,90,27076,28387,7973,3995,Fixiereinh ers. ,2022-08-26 11:13:29.609371
100,80,50,90,27076,28393,7973,3995,Fixiereinh ers. ,2022-08-26 11:43:50.977712
100,80,50,90,27076,28393,7973,3997,Fixiereinh ers. ,2022-08-26 15:11:49.402787
100,80,50,90,27087,28467,7975,4005,Fixiereinh ers. ,2022-08-31 11:08:11.151028
90,80,40,90,27093,28473,7975,4005,Fixiereinh ers. ,2022-08-31 11:13:09.417945
90,80,40,90,27097,28496,7975,4005,Fixiereinh ers. ,2022-08-31 13:39:58.562706
90,80,40,80,27097,28496,7975,4017,Fixiereinh ers. ,2022-08-31 14:40:48.144221
90,80,40,80,27098,28496,7975,4017,Fixiereinh ers. ,2022-08-31 15:56:37.813953
90,80,40,80,27100,28496,7975,4017,Fixiereinh ers. ,2022-08-31 16:01:45.299269
90,70,40,80,27112,28516,7975,4017,Bitte warten,2022-08-31 16:06:43.255028
90,70,40,80,27115,28516,7975,4017,Fixiereinh ers. ,2022-09-01 09:19:46.166383
90,70,40,80,27115,28520,7975,4017,Fixiereinh ers. ,2022-09-01 11:10:51.863593
90,70,40,80,27115,28520,7975,4018,Fixiereinh ers. ,2022-09-01 13:53:00.687587
90,70,40,80,27115,28520,7975,4019,Fixiereinh ers. ,2022-09-01 16:35:07.189527
90,70,40,80,27141,28521,7979,4019,Fixiereinh ers. ,2022-09-02 10:29:53.808420
90,70,40,80,27142,28521,7979,4019,Fixiereinh ers. ,2022-09-02 10:34:58.080039
90,70,40,80,27148,28521,7979,4019,Fixiereinh ers. ,2022-09-02 10:50:08.489895
90,70,40,80,27160,28521,7979,4019,Fixiereinh ers. ,2022-09-02 11:00:16.837087
90,70,40,80,27160,28523,7979,4019,Fixiereinh ers. ,2022-09-02 15:28:47.715337
70,70,40,80,27396,28527,7979,4023,Fixiereinh ers. ,2022-09-05 09:18:24.888779
60,70,40,80,27467,28527,7979,4023,Fixiereinh ers. ,2022-09-05 09:23:25.664878
50,70,40,80,27545,28527,7979,4023,Fixiereinh ers. ,2022-09-05 09:28:26.772956
50,70,40,80,27549,28527,7979,4023,Fixiereinh ers. ,2022-09-05 09:43:42.556031
50,70,40,80,27549,28527,7979,4024,Fixiereinh ers. ,2022-09-05 09:58:48.654251
50,70,40,80,27560,28527,7979,4024,Fixiereinh ers. ,2022-09-05 10:03:53.913359
50,70,40,80,27576,28527,7979,4024,Fixiereinh ers. ,2022-09-05 11:04:28.883371
50,70,40,80,27576,28534,7979,4024,Fixiereinh ers. ,2022-09-05 11:09:38.959491
40,70,40,80,27576,28546,7979,4024,Fixiereinh ers. ,2022-09-05 11:14:39.694576
40,70,40,80,27584,28547,7979,4025,Fixiereinh ers. ,2022-09-05 11:45:02.258272
40,70,40,80,27593,28547,7979,4025,Fixiereinh ers. ,2022-09-05 11:50:04.834143
40,70,40,80,27620,28547,7979,4025,Fixiereinh ers. ,2022-09-05 12:00:11.912309
40,70,40,80,27620,28548,7979,4025,Fixiereinh ers. ,2022-09-05 13:26:18.124321
40,70,40,80,27620,28551,7979,4025,Fixiereinh ers. ,2022-09-05 13:31:21.669385
40,70,40,80,27620,28555,7979,4025,Fixiereinh ers. ,2022-09-05 13:46:31.482033
40,70,40,80,27620,28555,7979,4026,Fixiereinh ers. ,2022-09-05 16:33:36.584293
30,70,40,80,27741,28624,7980,4028,Fixiereinh ers. ,2022-09-08 08:05:25.877163
20,70,40,80,27788,28624,7980,4028,Fixiereinh ers. ,2022-09-08 08:10:22.231853
20,70,40,80,27797,28624,7980,4028,Fixiereinh ers. ,2022-09-08 08:45:49.885546
20,70,40,80,27797,28624,7980,4028,Bitte warten,2022-09-08 08:50:48.800185
20,70,40,80,27804,28625,7980,4028,Fixiereinh ers. ,2022-09-08 09:16:07.716118
20,70,40,80,27805,28625,7980,4028,Fixiereinh ers. ,2022-09-08 09:26:21.892538
20,70,40,80,27806,28625,7980,4028,Fixiereinh ers. ,2022-09-08 09:41:31.209153
20,70,40,80,27806,28638,7980,4028,Fixiereinh ers. ,2022-09-08 11:12:41.442458
20,70,40,80,27807,28638,7980,4028,Fixiereinh ers. ,2022-09-08 11:22:53.987187
20,70,40,80,27809,28638,7980,4028,Fixiereinh ers. ,2022-09-08 11:27:51.456982
20,70,40,80,27809,28641,7980,4028,Fixiereinh ers. ,2022-09-08 12:54:05.333070
20,70,40,80,27809,28650,7980,4028,Fixiereinh ers. ,2022-09-08 14:35:27.393093
20,70,40,80,27809,28650,7980,4030,Fixiereinh ers. ,2022-09-08 15:00:38.911128
20,70,40,80,27810,28650,7980,4030,Fixiereinh ers. ,2022-09-08 15:10:49.327572
20,70,40,80,27811,28650,7980,4030,Fixiereinh ers. ,2022-09-08 16:21:46.397381
20,70,30,80,27811,28666,7980,4031,Fixiereinh ers. ,2022-09-09 12:03:51.980873
20,70,30,80,27811,28666,7980,4031,Dokument prfen ,2022-09-09 12:08:52.965081
20,70,30,80,27811,28666,7980,4031,Fixiereinh ers. ,2022-09-09 12:39:15.396857
20,70,30,80,27812,28668,7980,4031,Fixiereinh ers. ,2022-09-09 12:49:22.140565
10,70,30,80,27812,28668,7983,4031,Fixiereinh ers. ,2022-09-12 07:37:08.129170
10,70,30,80,27812,28668,7984,4031,Fixiereinh ers. ,2022-09-12 08:42:44.456003
10,70,30,80,27812,28670,7984,4031,Fixiereinh ers. ,2022-09-12 14:59:06.688168
10,70,30,80,27813,28670,7984,4031,Fixiereinh ers. ,2022-09-12 15:50:11.269786
10,70,30,80,27813,28672,7984,4031,Fixiereinh ers. ,2022-09-12 16:10:34.544593
10,70,30,80,27813,28673,7984,4031,Fixiereinh ers. ,2022-09-12 16:15:39.052435
10,70,30,80,27860,28698,7985,4032,Fixiereinh ers. ,2022-09-13 15:06:39.507898
100,70,30,70,27861,28701,7985,4033,Fixiereinh ers. ,2022-09-13 16:27:48.867115
80,50,10,50,27945,29065,8019,4048,Fixiereinh ers. ,2022-09-26 07:40:35.127499
80,50,10,50,27945,29065,8020,4048,Fixiereinh ers. ,2022-09-26 09:06:35.468983
80,50,10,50,27945,29066,8020,4048,Fixiereinh ers. ,2022-09-26 10:27:40.076378
80,50,10,50,27945,29067,8020,4048,Fixiereinh ers. ,2022-09-26 10:32:44.905509
80,50,10,50,27945,29068,8020,4048,Fixiereinh ers. ,2022-09-26 12:49:40.041400
80,50,10,50,27946,29068,8020,4048,Fixiereinh ers. ,2022-09-26 13:50:16.399667
80,50,10,50,27950,29069,8020,4048,Fixiereinh ers. ,2022-09-26 14:30:42.243489
80,50,10,50,27952,29069,8020,4048,Fixiereinh ers. ,2022-09-26 16:27:31.557762
80,50,10,50,27952,29069,8021,4049,Fixiereinh ers. ,2022-09-27 09:47:36.827680
80,50,10,50,27952,29069,8022,4049,Fixiereinh ers. ,2022-09-27 10:28:17.857805
80,50,10,50,27977,29069,8022,4049,Fixiereinh ers. ,2022-09-27 11:23:57.413017
80,50,10,50,27978,29069,8022,4049,Fixiereinh ers. ,2022-09-27 11:29:04.050627
80,50,10,50,28007,29069,8022,4049,Fixiereinh ers. ,2022-09-27 11:34:05.672440
80,50,10,50,28008,29069,8022,4049,Fixiereinh ers. ,2022-09-27 11:44:15.608052
80,50,10,50,28009,29069,8022,4049,Fixiereinh ers. ,2022-09-27 13:10:16.841015
80,50,10,50,28009,29070,8024,4050,Fixiereinh ers. ,2022-09-27 15:06:47.714043
80,50,10,50,28009,29070,8024,4050,Bitte warten,2022-09-27 15:11:53.193941
80,50,10,50,28009,29071,8024,4050,Fixiereinh ers. ,2022-09-28 09:38:32.639965
80,50,10,50,28009,29073,8024,4050,Fixiereinh ers. ,2022-09-28 14:17:51.298157
80,50,10,50,28010,29074,8024,4050,Fixiereinh ers. ,2022-09-28 14:22:52.997537
80,50,10,50,28010,29074,8025,4050,Fixiereinh ers. ,2022-09-28 14:53:14.047468
80,50,10,50,28011,29074,8025,4050,Fixiereinh ers. ,2022-09-28 15:08:23.974632
80,50,10,50,28012,29074,8025,4050,Fixiereinh ers. ,2022-09-28 15:13:28.457835
80,50,10,50,28013,29074,8025,4050,Fixiereinh ers. ,2022-09-28 16:29:55.723234
80,40,10,50,28013,29106,8030,4054,Fixiereinh ers. ,2022-09-30 07:53:28.181148
80,40,10,50,28013,29106,8031,4054,Fixiereinh ers. ,2022-09-30 07:58:36.880438
80,40,10,50,28013,29106,8033,4054,Fixiereinh ers. ,2022-09-30 08:18:50.946258
80,40,10,50,28022,29106,8033,4054,Fixiereinh ers. ,2022-09-30 09:19:39.613821
80,40,10,50,28022,29107,8033,4054,Fixiereinh ers. ,2022-09-30 10:05:17.241925
80,40,10,50,28022,29110,8033,4054,Fixiereinh ers. ,2022-09-30 10:10:20.528816
80,40,10,50,28022,29121,8033,4054,Fixiereinh ers. ,2022-09-30 10:15:27.171675
80,40,10,50,28022,29135,8033,4054,Fixiereinh ers. ,2022-09-30 12:11:50.946386
80,40,10,50,28023,29135,8033,4054,Fixiereinh ers. ,2022-09-30 12:57:19.263532
80,40,10,50,28023,29135,8038,4054,Fixiereinh ers. ,2022-09-30 13:02:28.319380
80,40,10,50,28023,29137,8038,4054,Fixiereinh ers. ,2022-09-30 13:12:37.131419
80,40,10,50,28023,29138,8038,4054,Kein Papier ,2022-09-30 13:17:36.723715
70,40,10,50,28023,29142,8038,4054,Fixiereinh ers. ,2022-09-30 13:47:58.561643
70,40,10,50,28023,29142,8039,4054,Fixiereinh ers. ,2022-09-30 15:14:12.075879
70,40,10,50,28030,29145,8083,4054,Fixiereinh ers. ,2022-10-04 11:47:55.685079
70,40,10,50,28033,29147,8083,4054,Fixiereinh ers. ,2022-10-04 12:53:55.498932
70,40,10,50,28033,29147,8083,4056,Fixiereinh ers. ,2022-10-04 13:09:16.175068
70,40,10,50,28034,29148,8083,4056,Fixiereinh ers. ,2022-10-04 13:19:20.400333
70,40,10,50,28034,29149,8083,4056,Fixiereinh ers. ,2022-10-04 16:32:11.152389
70,40,10,50,28034,29151,8083,4056,Fixiereinh ers. ,2022-10-05 08:59:32.122667
70,40,10,50,28034,29151,8085,4056,Fixiereinh ers. ,2022-10-05 09:09:41.742375
70,40,10,50,28034,29152,8085,4056,Fixiereinh ers. ,2022-10-05 10:00:28.434742
70,40,10,50,28040,29152,8085,4057,Fixiereinh ers. ,2022-10-05 11:26:36.112609
70,40,10,50,28042,29152,8085,4057,Fixiereinh ers. ,2022-10-05 11:31:41.441851
70,40,10,50,28043,29152,8085,4057,Fixiereinh ers. ,2022-10-05 14:19:13.597851
70,40,10,50,28043,29152,8087,4057,Fixiereinh ers. ,2022-10-05 14:29:24.356508
70,40,10,50,28043,29153,8087,4057,Fixiereinh ers. ,2022-10-05 14:39:31.255728
70,40,10,50,28043,29153,8087,4058,Fixiereinh ers. ,2022-10-05 15:35:17.172445
70,40,10,50,28059,29155,8087,4058,Fixiereinh ers. ,2022-10-05 16:41:16.483238
60,40,10,50,28215,29158,8097,4068,Fixiereinh ers. ,2022-10-10 07:44:59.874717
60,40,10,50,28215,29158,8102,4068,Fixiereinh ers. ,2022-10-10 08:25:34.982035
60,40,10,50,28216,29158,8102,4068,Fixiereinh ers. ,2022-10-10 08:56:08.940150
60,40,10,50,28217,29158,8102,4068,Fixiereinh ers. ,2022-10-10 09:01:02.101394
60,40,10,50,28219,29158,8102,4068,Fixiereinh ers. ,2022-10-10 12:54:19.096374
60,40,10,50,28258,29158,8102,4068,Fixiereinh ers. ,2022-10-10 12:59:28.977722
50,40,10,50,28344,29158,8102,4068,Bitte warten,2022-10-10 13:04:30.381307
50,40,10,50,28426,29158,8102,4068,Fixiereinh ers. ,2022-10-10 13:09:36.279006
50,40,10,50,28443,29158,8102,4068,Fixiereinh ers. ,2022-10-10 13:19:41.106661
50,40,10,50,28451,29158,8102,4068,Fixiereinh ers. ,2022-10-10 16:27:24.745490
50,40,10,50,28454,29161,8107,4072,Fixiereinh ers. ,2022-10-11 11:00:54.841476
50,40,10,50,28455,29161,8107,4072,Fixiereinh ers. ,2022-10-11 12:06:54.625068
50,40,10,50,28456,29161,8107,4072,Fixiereinh ers. ,2022-10-11 12:47:37.590669
50,40,10,50,28456,29161,8107,4073,Fixiereinh ers. ,2022-10-11 13:07:50.547230
50,40,10,50,28456,29161,8107,4074,Fixiereinh ers. ,2022-10-11 14:39:05.020877
50,40,10,50,28456,29162,8107,4074,Fixiereinh ers. ,2022-10-11 14:44:06.150275
50,40,10,50,28457,29162,8107,4074,Fixiereinh ers. ,2022-10-11 15:44:58.945192
50,40,10,50,28457,29163,8107,4074,Fixiereinh ers. ,2022-10-11 16:25:45.062266
50,40,10,50,28459,29163,8120,4076,Fixiereinh ers. ,2022-10-12 10:39:17.827628
50,40,10,50,28459,29163,8139,4076,Fixiereinh ers. ,2022-10-12 11:24:58.837686
50,40,10,50,28459,29163,8143,4076,Fixiereinh ers. ,2022-10-12 11:30:01.495596
50,40,10,50,28459,29163,8158,4076,Fixiereinh ers. ,2022-10-12 12:51:12.408262
40,40,10,50,28459,29171,8158,4076,Fixiereinh ers. ,2022-10-12 12:56:14.952670
40,40,10,50,28462,29171,8158,4076,Fixiereinh ers. ,2022-10-12 13:01:19.899889
40,40,10,50,28467,29171,8160,4092,Fixiereinh ers. ,2022-10-12 13:06:24.291472
40,40,10,50,28467,29171,8160,4096,Fixiereinh ers. ,2022-10-12 13:11:30.745386
40,40,10,50,28467,29173,8160,4096,Fixiereinh ers. ,2022-10-12 13:16:36.663221
40,40,10,50,28467,29174,8160,4096,Fixiereinh ers. ,2022-10-12 14:37:56.059021
40,40,10,50,28467,29174,8161,4096,Fehler:Druck 0A ,2022-10-12 16:09:04.421310
40,40,10,50,28467,29174,8161,4096,Fixiereinh ers. ,2022-10-13 09:19:39.055780
40,40,100,50,28467,29178,8239,4103,Bereit,2022-10-14 12:57:27.205508
40,40,100,50,28467,29178,8239,4103,Energiesparen ,2022-10-14 13:12:42.531364
40,40,100,50,28467,29178,8239,4104,Bereit,2022-10-14 13:17:49.436365
40,40,100,50,28467,29178,8239,4104,Energiesparen ,2022-10-14 13:27:53.802218
40,40,100,50,28467,29178,8239,4105,Bereit,2022-10-14 13:32:59.077926
40,40,100,50,28467,29178,8239,4105,Energiesparen ,2022-10-14 14:54:12.422582
40,40,100,50,28467,29179,8239,4105,Bereit,2022-10-14 14:59:13.873218
20,20,90,30,28614,29476,8249,4139,Bereit,2022-10-21 08:45:57.950772
20,20,90,30,28614,29476,8249,4139,Energiesparen ,2022-10-21 08:56:07.308469
20,20,90,30,28614,29476,8250,4139,Bereit,2022-10-21 09:01:11.507137
20,20,90,30,28614,29476,8250,4139,Energiesparen ,2022-10-21 09:16:28.979821
90,20,80,20,28929,29670,8308,4156,Energiesparen ,2022-10-31 09:15:27.572092
90,10,80,20,28929,29671,8308,4156,Bereit,2022-10-31 09:20:25.334745
90,10,80,20,28929,29671,8308,4156,Energiesparen ,2022-10-31 09:25:28.935852
90,10,80,20,28929,29671,8308,4156,Bereit,2022-10-31 09:30:37.370005
90,10,80,20,28931,29680,8308,4156,Bereit,2022-10-31 09:35:42.991447
90,10,80,20,28931,29680,8308,4156,Energiesparen ,2022-10-31 09:50:59.359545
90,10,80,20,28931,29682,8308,4156,Bereit,2022-10-31 09:56:05.600511
90,10,80,20,28931,29682,8308,4156,Energiesparen ,2022-10-31 10:26:48.533601
90,10,80,20,28931,29683,8308,4156,Bereit,2022-10-31 10:31:55.248805
90,10,80,20,28931,29683,8308,4156,Energiesparen ,2022-10-31 11:17:44.694189
90,10,80,20,28932,29683,8311,4156,Bereit,2022-10-31 11:22:46.425148
90,10,80,20,28932,29683,8311,4156,Energiesparen ,2022-10-31 11:33:01.955055
90,10,80,20,28933,29683,8311,4156,Bereit,2022-10-31 11:38:09.694241
90,10,80,20,28933,29683,8311,4156,Energiesparen ,2022-10-31 16:22:54.269776
90,10,80,20,28934,29683,8311,4156,Bereit,2022-10-31 16:28:02.121216
90,10,80,20,28934,29683,8311,4156,Energiesparen ,2022-10-31 16:33:06.606019
90,10,80,20,28951,29683,8313,4158,Energiesparen ,2022-11-01 09:47:27.710213
90,10,70,20,28971,29723,8342,4191,Wenig Toner :C,2022-11-03 15:57:07.684669
90,10,70,20,28971,29723,8342,4194,Wenig Toner :C,2022-11-03 16:02:12.700796
50,80,40,80,29193,30201,8390,4213,Energiesparen ,2022-11-14 12:44:23.449495
50,80,40,80,29193,30201,8390,4213,Dokument prfen ,2022-11-14 12:49:33.574729
50,80,40,80,29193,30201,8408,4213,Bereit,2022-11-14 12:54:40.390972
50,80,40,80,29193,30201,8408,4213,Energiesparen ,2022-11-14 13:14:57.299002
50,80,40,80,29193,30202,8408,4213,Bereit,2022-11-14 13:20:03.631393
50,80,40,80,29193,30202,8408,4213,Energiesparen ,2022-11-14 16:17:47.104003
50,80,40,80,29194,30202,8408,4213,Bereit,2022-11-14 16:22:56.516415
50,80,40,80,29194,30213,8408,4213,Bereit,2022-11-14 16:28:02.264390
50,80,40,80,29205,30215,8424,4213,Energiesparen ,2022-11-15 08:35:54.646859
50,80,40,80,29205,30215,8426,4213,Bereit,2022-11-15 08:41:01.114472
50,80,40,80,29205,30215,8426,4213,Energiesparen ,2022-11-15 08:46:05.835428
20,70,30,70,29606,30431,8523,4341,Trom. bestel :BK,2022-12-22 10:47:11.814970
10,70,30,70,29643,30439,8556,4345,Trom. bestel :BK,2023-01-03 11:00:55.872622
10,70,30,70,29647,30440,8556,4345,err,2023-01-03 12:39:47.336305
10,70,30,70,29647,30440,8556,4346,err,2023-01-03 12:44:50.951999
10,70,30,70,29649,30440,8556,4346,err,2023-01-03 16:38:17.911960
10,70,20,70,29658,30440,8560,4351,err,2023-01-04 10:16:26.122147
10,70,20,70,29658,30441,8560,4351,err,2023-01-04 11:12:06.708634
10,70,20,70,29659,30441,8560,4351,err,2023-01-04 11:27:17.090385
10,70,20,70,29670,30441,8560,4351,err,2023-01-04 11:47:32.430622
10,70,20,70,29671,30441,8560,4351,err,2023-01-04 11:52:37.302355
10,70,20,70,29672,30441,8560,4351,err,2023-01-04 11:57:39.251562
10,70,20,70,29672,30442,8560,4351,err,2023-01-04 13:03:31.811003
10,70,20,70,29672,30443,8560,4351,err,2023-01-04 14:39:45.679992
70,10,70,100,30721,31168,8781,4965,err,2023-03-01 12:27:41.863053
70,0,60,100,30726,31190,8788,4972,err,2023-03-09 13:13:43.918312
70,0,60,100,30726,31191,8788,4972,err,2023-03-09 13:39:30.268914
60,0,60,100,30726,31192,8788,4972,err,2023-03-09 13:59:45.455824
60,0,60,100,30728,31192,8788,4972,err,2023-03-09 14:04:48.658988
60,0,60,100,30730,31192,8788,4972,err,2023-03-09 14:50:23.594023
60,0,60,100,30730,31206,8788,4972,err,2023-03-09 14:55:18.540122
60,0,60,100,30730,31212,8788,4972,err,2023-03-09 15:55:56.343599
60,0,60,100,30730,31212,8788,4972,Bitte warten,2023-03-09 16:00:57.039331
60,0,60,100,30730,31214,8788,4972,err,2023-03-09 16:36:24.214982
60,100,60,100,30730,31223,8788,4972,err,2023-03-10 10:51:21.564897
60,100,60,100,30730,31231,8788,4972,Bereit,2023-03-10 10:56:24.115907
60,100,60,100,30730,31231,8788,4972,err,2023-03-10 11:06:33.604735
60,100,60,100,30730,31231,8789,4972,Bereit,2023-03-10 11:11:34.208742
60,100,60,100,30730,31231,8790,4972,Bereit,2023-03-10 11:16:37.051481
60,100,60,100,30730,31231,8790,4972,err,2023-03-10 11:21:41.040945
60,100,60,100,30731,31231,8790,4972,Bereit,2023-03-10 11:26:46.183169
60,100,60,100,30731,31231,8790,4972,err,2023-03-10 11:36:50.442541
60,100,60,100,30732,31231,8790,4972,Bereit,2023-03-10 11:41:59.455832
60,100,60,100,30732,31231,8790,4972,err,2023-03-10 12:07:17.025420
60,100,60,100,30732,31251,8790,4972,Bereit,2023-03-10 12:12:19.842522
60,100,60,100,30732,31252,8790,4972,Bereit,2023-03-10 12:17:26.327289
60,100,60,100,30732,31252,8790,4972,err,2023-03-10 12:42:36.464615
60,100,60,100,30734,31252,8790,4972,Bereit,2023-03-10 12:47:41.196859
60,100,60,100,30734,31252,8790,4972,err,2023-03-10 12:52:44.270203
60,100,60,100,30735,31253,8790,4972,Bereit,2023-03-10 12:57:50.538453
60,100,60,100,30735,31254,8790,4972,Bereit,2023-03-10 13:02:52.940537
60,100,60,100,30735,31254,8790,4972,err,2023-03-10 15:55:05.105051
50,100,60,100,30736,31305,8794,4981,err,2023-03-15 16:19:15.731588
50,100,60,100,30736,31306,8794,4983,err,2023-03-16 08:10:12.840569
50,100,60,100,30736,31306,8795,4983,err,2023-03-16 08:25:18.456097
50,100,60,100,30736,31311,8795,4983,Bereit,2023-03-16 08:35:16.996086
50,100,60,100,30736,31311,8795,4983,err,2023-03-16 10:52:04.041197
50,100,60,100,30737,31311,8795,4983,Bereit,2023-03-16 10:57:06.052992
50,100,60,100,30737,31311,8795,4983,err,2023-03-16 13:49:16.371122
50,100,60,100,30737,31311,8795,4983,Bereit,2023-03-16 13:54:14.575202
50,100,60,100,30737,31312,8795,4983,Bereit,2023-03-16 13:59:12.249654
50,100,60,100,30737,31312,8795,4983,err,2023-03-16 15:45:33.729882
50,100,60,100,30737,31315,8795,4984,err,2023-03-17 09:48:10.655265
50,100,60,100,30737,31315,8798,4984,Bereit,2023-03-17 09:53:14.238280
50,100,60,100,30737,31315,8799,4984,Bereit,2023-03-17 09:58:17.209024
50,100,60,100,30737,31315,8799,4984,err,2023-03-17 12:45:16.954903
